long,lat,objectID,siteName,siteStatus,siteAddress,siteAddress2,siteCity,siteState,siteZip,sitePhone,ext,contactFirstName,contactLastName,contactPhone,sponsoringOrganization,startDate,endDate,daysofOperation,comments,breakfastTime,lunchTime,snackTimeAM,snackTimePM,dinnerSupperTime,mealTypesServed,cycleNumber,recordStatus,country,fnsid,created,season,county
-115.1429805,36.1588165,69576,The Embracing Project,Open,"800 E Charleston Blvd Las Vegas, NV 89104",,Las Vegas,NV,89104,,,Makaya,Swain,7023399133,Three Square,2019-05-28T04:00:00.000Z,2019-08-09T04:00:00.000Z,"M,T,W,TH,F,",,9:00 AM-11:00 AM,2:00 PM-4:00 PM,,,,"B,L,",5,N,US,137917,,2019,Clark
-115.0940771,36.22888307,69614,Cox C. ES,Open,"3855 Timberlake Drive Las Vegas, NV 89115",,Las Vegas,NV,89115,,,CCSD,FoodSvc,7027998123,Clark County School District,2019-05-28T04:00:00.000Z,2019-07-25T04:00:00.000Z,"M,T,W,Th,F",,8:45am - 9:15am,12:15pm - 12:45pm,,,,"B,L",5,N,US,136392,,2019,Clark
-115.1870844,36.28046559,69635,Groynes ES,Open,"3409 Deer Springs Way North Las Vegas, NV 89084",,North Las Vegas,NV,89084,,,CCSD,FoodSvc,7027998123,Clark County School District,2019-06-26T04:00:00.000Z,2019-07-25T04:00:00.000Z,"M,T,W,Th,F",,9:15-9:45am,12:15-12:45pm,,,,"B,L",5,N,US,136761,,2019,Clark
-115.6754936,36.57473659,69640,Indian Springs ES,Open,"400 Sky Rd Indian Springs, NV 89018",,Indian Springs,NV,89018,,,CCSD,FoodSvc,7027998123,Clark County School District,2019-06-26T04:00:00.000Z,2019-07-23T04:00:00.000Z,"M,T,W,Th,F",,8:15-8:45am,11:45am-12:15pm,,,,"B,L",5,N,US,82196,,2019,Clark
-115.035258,36.16504917,69644,Keller MS,Open,"301 N. Fogg St Las Vegas, NV 89110",,Las Vegas,NV,89110,,,CCSD,FoodSvc,7027998123,Clark County School District,2019-05-28T04:00:00.000Z,2019-06-13T04:00:00.000Z,"M,T,W,Th,F",,9:15-9:45am,,,,,B,5,N,US,118585,,2019,Clark
-115.0710262,36.17768644,69667,Robison MS,Open,"825 Marion Drive Las Vegas, NV 89110",,Las Vegas,NV,89110,,,CCSD,FoodSvc,7027998123,Clark County School District,2019-05-28T04:00:00.000Z,2019-06-14T04:00:00.000Z,"M,T,W,Th,F",,8:15-8:45am,,,,,B,5,N,US,137586,,2019,Clark
-119.8414881,39.5328724,88869,Elmcrest Elementary School,Open,"855 McDonald Way Reno, NV 89503",,Reno,NV,89503,,,Nicole,Reel,7753239666,"Food Bank of Northern Nevada, Inc.",2019-06-10T04:00:00.000Z,2019-06-28T04:00:00.000Z,"M,T,W,TH,F,",,8:30 am-9:00 am,12:00 pm-12:30 pm,,,,,7,N,US,142894,,2019,Washoe
-119.8086667,39.546063,88870,Lemelson Elementary School,Open,"2001 Soaring Eagle Dr. Reno, NV 89512",,Reno,NV,89512,,,Michelle,Camacho-villa,7757621907,"Food Bank of Northern Nevada, Inc.",2019-06-10T04:00:00.000Z,2019-06-28T04:00:00.000Z,"M,T,W,TH,F,",,8:30 am-9:00 am,12:00 pm-12:30 pm,,,,,7,N,US,143682,,2019,Washoe
-119.8330497,39.51618052,100914,Boys & Girls Club of Truckee Meadows - Pennington,Open,"1300 Foster Drive Reno, NV 89509",,Reno,NV,89509,,,Allen,Taylor,7753602418,Boys and Girls Club of Truckee Meadows,2018-12-18T05:00:00.000Z,2019-08-10T04:00:00.000Z,"M,T,W,TH,F,",,8:00 am-9:00 am,11:45 am-1:00 pm,,,,,7,U,US,136133,,2019,Washoe
-119.2510196,39.6034381,100915,Boys and Girls Club of Truckee Meadows - Fernley,Open,"320 US Highway 95A South Fernley, nv 89408",,Fernley,nv,89408,,,Erik,Stevens,7753602442,Boys and Girls Club of Truckee Meadows,2019-06-10T04:00:00.000Z,2019-08-23T04:00:00.000Z,"M,T,W,TH,F,",,8:30 am-9:30 am,12:00 pm-1:00 pm,,,,,7,U,US,136148,,2019,Lyon
-119.7813034,39.53849853,100916,Boys and Girls Club of Truckee Meadows - Reynolds,Open,"2680 E. Ninth Street Reno, NV 89512",,Reno,NV,89512,,,Erik,Stevens,7753602442,Boys and Girls Club of Truckee Meadows,2018-12-21T05:00:00.000Z,2019-08-10T04:00:00.000Z,"S,M,T,W,TH,F,SA",,8:30 am-9:30 am,11:45 am-1:00 pm,,,,,7,U,US,136149,,2019,Washoe
-119.7943521,39.51457147,100917,Donald L. Carano,Open,"1090 Bresson Ave Reno, NV 89502",,Reno,NV,89502,,,Marquise,Hatcher,7752299538,Boys and Girls Club of Truckee Meadows,2018-12-20T05:00:00.000Z,2019-08-10T04:00:00.000Z,"M,T,W,TH,F,",,8:30 am-9:30 am,12:00 am-1:00 pm,,,,,7,U,US,136457,,2019,Washoe
-119.8400027,39.64467425,100918,Lemmon Valley Park,Open,"325 Patrician Drive Reno, nv 89506",,Reno,nv,89506,,,Mark,Jocoby,7753602453,Boys and Girls Club of Truckee Meadows,2018-12-19T05:00:00.000Z,2019-08-10T04:00:00.000Z,"M,T,W,TH,F,",,8:30 am-9:00 am,12:15 pm-12:45 pm,,,,,7,U,US,78718,,2019,Washoe
-119.7803413,39.48824608,100919,Neil Road Rec Center,Open,"3905 Neil Road Reno, nv 89502",,Reno,nv,89502,,,Rick,Stevens,7753602442,Boys and Girls Club of Truckee Meadows,2018-12-19T05:00:00.000Z,2019-08-10T04:00:00.000Z,"M,T,W,TH,F,",,8:30 am-9:30 am,12:10 am-1:00 pm,,,,,7,U,US,137252,,2019,Washoe
-114.8892376,39.24860934,100921,"White Pine Middle School Boys & Girls Club Ely, NV",Open,"844 Aultman Ely, NV 89301",,Ely,NV,89301,,,Samantha,Elliot,7758308482,Boys and Girls Club of Truckee Meadows,2019-06-10T04:00:00.000Z,2019-08-23T04:00:00.000Z,"M,T,W,TH,F,",,8:30 am-9:30 am,12:00 pm-1:00 pm,,,,,7,U,US,141457,,2019,White Pine
-119.2847625,39.3899955,100922,Boys & Girls Clubs of Mason Valley *Silver Springs Unit* - OPEN,Open,"3900 Spruce Ave Silver Springs, NV 89429",,Silver Springs,NV,89429,,,Michaela,Cook,7755779179,"Boys and Girls Clubs of Mason Valley, Inc.",2019-06-17T04:00:00.000Z,2019-08-16T04:00:00.000Z,"M,T,W,TH,F,",,8:00am-9:00am,12:00pm-1:00pm,,,,,7,U,US,136136,,2019,Lyon
-119.1631752,38.98974625,100923,Boys and Girls Clubs of Mason Valley Inc,Open,"124 N. Main Street Yerington, NV 89447",,Yerington,NV,89447,,,Christina,Hurt,7754632334,"Boys and Girls Clubs of Mason Valley, Inc.",2019-06-17T04:00:00.000Z,2019-08-16T04:00:00.000Z,"M,T,W,TH,F,",,8:00am-9:00am,12:00pm-1:00pm,,,,,7,U,US,136152,,2019,Lyon
-118.6326277,38.53076239,100924,Boys and Girls Clubs of Mason Valley Mineral County Site,Open,"525 W. 9th St. Hawthorne, NV 89415",,Hawthorne,NV,89415,,,Mandy,Glaizer,7754632334,"Boys and Girls Clubs of Mason Valley, Inc.",2019-06-03T04:00:00.000Z,2019-08-16T04:00:00.000Z,"M,T,W,TH,F,",,8:00am-9:00am,12:00pm-1:00pm,,,,,7,U,US,136153,,2019,Mineral
-119.581502,39.27556711,100925,Sutro Elementary School,Open,"190 Dayton Village Pkwy Dyaton, NV 89403",,Dyaton,NV,89403,,,Sarah,Rose,7752468290,"Boys and Girls Clubs of Mason Valley, Inc.",2019-06-17T04:00:00.000Z,2019-08-16T04:00:00.000Z,"M,T,W,TH,F,",,8:00am-9:00am,12:00pm-1:00pm,,,,,7,U,US,137888,,2019,Lyon
-119.7433518,39.17834975,100931,Boys and Girls Club of Western Nevada,Open,"1870 Russell Way Carson City, NV 89706",,Carson City,NV,89706,,,Matt,Sampson,7758828820,Carson City School District,2019-06-10T04:00:00.000Z,2019-08-09T04:00:00.000Z,"M,T,W,TH,F,",,8:00AM-9:00AM,11:30AM-12:30PM,,,,,7,U,US,136150,,2019,Carson City
-114.9655778,36.03934498,100932,Henderson Center,Open,"750 N. Major Ave. Henderson, NV 89015",,Henderson,NV,89015,,,Shanequa,Williams,7025303141,Club Christ Ministries,2019-06-24T04:00:00.000Z,2019-07-25T04:00:00.000Z,"M,T,W,TH,",,,,,3:00pm-3:30pm,,,7,U,US,136804,,2019,Clark
-115.7647635,40.84727064,100935,Elko Band Daycare Building,Open,"1745 Silver Eagle Drive Elko, NV 89801",,Elko,NV,89801,,,Suzanna,Sandoval,7757388889,Elko Band Council,2019-06-17T04:00:00.000Z,2019-08-16T04:00:00.000Z,"M,T,W,TH,F,",,7:30 AM-9:00 AM,12:00 PM-1:00 PM,,,,,7,U,US,24685,,2019,Elko
-114.6645871,41.98024968,100936,Jackpot Recreation Center,Open,"2395 Progressive Street Jackpot, NV 89825",,Jackpot,NV,89825,,,Beth,Lamb,7757552653,Elko County Human & Social Services,2019-06-10T04:00:00.000Z,2019-08-23T04:00:00.000Z,"M,T,W,TH,F,SA",,,12:00 pm-1:00 pm,,3:00 pm -4:00 pm,,,7,U,US,78525,,2019,Elko
-115.1523316,36.20024049,100937,Grace Immanuel MBC,Open,"809 W BARTLETT AVE LAS VEGAS, NV 89106",,LAS VEGAS,NV,89106,,,PATTI,MARKS,7028751803,Family Youth Enrichment CDC,2019-06-17T04:00:00.000Z,2019-07-12T04:00:00.000Z,"M,T,W,TH,F,",,,12pm-1pm,,,,,7,U,US,136723,,2019,Clark
-119.742612,39.56154529,100938,Aimone Park,Open,"55 Queen Way Sparks, NV 89431",,Sparks,NV,89431,,,Nicole,Diltz,7753797016,"Food Bank of Northern Nevada, Inc.",2019-06-10T04:00:00.000Z,2019-08-02T04:00:00.000Z,"M,T,W,TH,F,",,,11:45 am-12:15 pm,,,,,7,U,US,24386,,2019,Washoe
-119.7761044,39.54132867,100940,Banbridge Apartments,Open,"1000 El Rancho Dr Sparks, NV 89431",,Sparks,NV,89431,,,Jackie,Castrillo,7753000040,"Food Bank of Northern Nevada, Inc.",2019-06-10T04:00:00.000Z,2019-08-02T04:00:00.000Z,"M,T,W,TH,F,",,,1:15 pm-1:45 pm,,,,,7,U,US,80706,,2019,Washoe
-119.7792138,39.5652325,100941,Boulder Creek Apts,Open,"4005 Moorpark Sun Valley, NV 89433",,Sun Valley,NV,89433,,,Michelle,Camacho-Villa,7757621907,"Food Bank of Northern Nevada, Inc.",2019-06-10T04:00:00.000Z,2019-08-02T04:00:00.000Z,"M,T,W,TH,F,",,,12:30 pm-1:00 pm,,,,,7,U,US,136116,,2019,Washoe
-119.7527156,39.54830765,100942,Burgess Park,Open,"1605 Pyramid Way Sparks, NV 89431",,Sparks,NV,89431,,,LYNNE,SAWRI,7757502889,"Food Bank of Northern Nevada, Inc.",2019-06-10T04:00:00.000Z,2019-08-02T04:00:00.000Z,"M,T,W,TH,F,",,,11:45 am-12:15 pm,,,,,7,U,US,24495,,2019,Washoe
-119.7868222,39.5510566,100943,Community Gardens Apts Picnic Area,Open,"2330 Wedekind Rd Reno, NV 89512",,Reno,NV,89512,,,Jackie,Castrillo,7753000040,"Food Bank of Northern Nevada, Inc.",2019-06-10T04:00:00.000Z,2019-08-02T04:00:00.000Z,"M,T,W,TH,F,",,,11:00 am-11:30 am,,,,,7,U,US,136356,,2019,Washoe
-119.7655794,39.53787313,100944,Deer Park,Open,"1700 Prater Way Sparks, NV 89431",,Sparks,NV,89431,,,LYNNE,SAWRI,7757502889,"Food Bank of Northern Nevada, Inc.",2019-06-10T04:00:00.000Z,2019-08-02T04:00:00.000Z,"M,T,W,TH,F,",,,1:15 pm-1:45 pm,,,,,7,U,US,24626,,2019,Washoe
-119.7491302,39.44181931,100945,Diamond Creek Apartments,Open,"1205 S. Meadows Pkwy Reno, NV 89521",,Reno,NV,89521,,,Elia,Lopez,7758522044,"Food Bank of Northern Nevada, Inc.",2019-06-10T04:00:00.000Z,2019-08-09T04:00:00.000Z,"M,T,W,TH,F,",,,11:00 am-12:00 pm,,,,,7,U,US,136444,,2019,Washoe
-119.7460687,39.54155777,100946,Dilworth Middle School,Open,"255 Prater Way Sparks, NV 89431",,Sparks,NV,89431,,,Nicole,Johnson,,"Food Bank of Northern Nevada, Inc.",2019-06-12T04:00:00.000Z,2019-07-02T04:00:00.000Z,"M,T,W,TH,F,",,,12:30 pm-1:00 pm,,,,,7,U,US,24644,,2019,Washoe
-119.8755767,39.65250529,100947,Dorothy McAlinden Park,Open,"12000 Mt Charleston Reno, NV 89506",,Reno,NV,89506,,,Stephanie,Johal,7754404275,"Food Bank of Northern Nevada, Inc.",2019-06-10T04:00:00.000Z,2019-08-02T04:00:00.000Z,"M,T,W,TH,F,",,,1:15 pm-1:45 pm,,,,,7,U,US,136462,,2019,Washoe
-119.7935907,39.54187253,100948,Duncan Traner Library,Open,"1650 Carville Dr Reno, NV 89512",,Reno,NV,89512,,,Jeff,Scott,7753278340,"Food Bank of Northern Nevada, Inc.",2019-06-08T04:00:00.000Z,2019-08-11T04:00:00.000Z,"S,M,T,W,TH,F,SA",,,3:00 pm-3:30 pm,,,,,7,U,US,136485,,2019,Washoe
-119.7951649,39.54095919,100949,"Duncan, Glenn Elementary School",Open,"1200 Montello St Reno, NV 89512",,Reno,NV,89512,,,Alan,Roney,7753344280,"Food Bank of Northern Nevada, Inc.",2019-06-10T04:00:00.000Z,2019-08-09T04:00:00.000Z,"M,T,W,TH,F,",,8:30 am-9:00 am,12:00 pm-12:30 pm,,,,,7,U,US,136486,,2019,Washoe
-119.8439184,39.5932582,100950,Essex Manor,Open,"7760 Carlyle Dr Reno, NV 89506",,Reno,NV,89506,,,Stephanie,Johal,7754404275,"Food Bank of Northern Nevada, Inc.",2019-06-02T04:00:00.000Z,2019-08-02T04:00:00.000Z,"M,T,W,TH,F,",,,11:00 am-11:30 am,,,,,7,U,US,24691,,2019,Washoe
-119.7756557,39.58550494,100952,Gepford Park,Open,"5300 Leon Dr Sun Valley, NV 89433",,Sun Valley,NV,89433,,,Michelle,Camacho-Villa,7757621907,"Food Bank of Northern Nevada, Inc.",2019-06-10T04:00:00.000Z,2019-08-02T04:00:00.000Z,"M,T,W,TH,F,",,,11:45 am-12:15 pm,,,,,7,U,US,136693,,2019,Washoe
-119.7985061,39.5556975,100953,Hug High School,Open,"2880 Sutro St Reno, NV 89512",,Reno,NV,89512,,,Nathan,Tanner,,"Food Bank of Northern Nevada, Inc.",2019-06-17T04:00:00.000Z,2019-07-19T04:00:00.000Z,"M,T,W,TH,F,",,,11:30 am-12:00 pm,,,,,7,U,US,121302,,2019,Washoe
-119.7788774,39.47733695,100954,Jamaica Park,Open,"1000 Jamaica Ave Reno, NV 89502",,Reno,NV,89502,,,Julie,Colon,7752238343,"Food Bank of Northern Nevada, Inc.",2019-06-10T04:00:00.000Z,2019-08-02T04:00:00.000Z,"M,T,W,TH,F,",,,1:15 pm-1:45 pm,,,,,7,U,US,24831,,2019,Washoe
-119.7936386,39.5088387,100955,Liston Park,Open,"1635 Yori Ave Reno, NV 89502",,Reno,NV,89502,,,Julie,Colon,7752238342,"Food Bank of Northern Nevada, Inc.",2019-06-10T04:00:00.000Z,2019-08-02T04:00:00.000Z,"M,T,W,TH,F,",,,11:00 am-11:30 am,,,,,7,U,US,137060,,2019,Washoe
-119.738888,39.54896254,100957,Longford Park,Open,"1855 Boise Sparks, NV 89431",,Sparks,NV,89431,,,LYNNE,SAWRI,7757502889,"Food Bank of Northern Nevada, Inc.",2019-06-10T04:00:00.000Z,2019-08-02T04:00:00.000Z,"M,T,W,TH,F,",,,11:00 am-11:30 am,,,,,7,U,US,24899,,2019,Washoe
-119.8236116,39.52082828,100958,McKinley Arts & Culture Center,Open,"925 Riverside Dr Reno, NV 89503",,Reno,NV,89503,,,Veronica,Cortez,7752321758,"Food Bank of Northern Nevada, Inc.",2019-06-10T04:00:00.000Z,2019-08-09T04:00:00.000Z,"M,T,W,TH,F,",,7:45 am-8:15 am,11:15 am-11:45 am,,,,,7,U,US,137138,,2019,Washoe
-119.8405966,39.60409005,100959,North Valley Library,Open,"1075 N. Hills Blvd Reno, NV 89506",,Reno,NV,89506,,,Jonnica,Bowen,7759720271,"Food Bank of Northern Nevada, Inc.",2019-06-08T04:00:00.000Z,2019-08-11T04:00:00.000Z,"T,W,TH,F,SA",,,11:30 am-12:00 pm,,,,,7,U,US,115801,,2019,Washoe
-119.8224169,39.60765865,100960,North Valleys High School,Open,"1470 E. Golden Valley Rd. Reno, NV 89506",,Reno,NV,89506,,,Heidi,Gibbs,7753214515,"Food Bank of Northern Nevada, Inc.",2019-06-10T04:00:00.000Z,2019-06-28T04:00:00.000Z,"M,T,W,TH,F,",,7:30 am-8:00 am,12:00 pm-12:30 pm,,,,,7,U,US,137332,,2019,Washoe
-119.8691785,39.62490453,100961,North Valleys Regional Park-Lower,Open,"8085 Silver Lake Rd Reno, NV 89506",,Reno,NV,89506,,,Stephanie,Johal,7754404275,"Food Bank of Northern Nevada, Inc.",2019-06-10T04:00:00.000Z,2019-08-02T04:00:00.000Z,"M,T,W,TH,F,",,,2:00 pm-2:30 pm,,,,,7,U,US,137333,,2019,Washoe
-119.8219972,39.52983278,100962,Northern Nevada Hopes,Open,"580 West 5th St Reno, NV 89503",,Reno,NV,89503,,,Nadine,Aalilikane,7754098438,"Food Bank of Northern Nevada, Inc.",2019-06-10T04:00:00.000Z,2019-08-09T04:00:00.000Z,"M,T,W,TH,F,",,,11:00 am-1:00 pm,,,,,7,U,US,137337,,2019,Washoe
-119.7676009,39.55254693,100963,Oppio Park,Open,"2355 18th St. Sparks, NV 89431",,Sparks,NV,89431,,,Nicole,Diltz,7753797016,"Food Bank of Northern Nevada, Inc.",2019-06-10T04:00:00.000Z,2019-08-02T04:00:00.000Z,"M,T,W,TH,F,",,,11:00 am-11:30 am,,,,,7,U,US,137382,,2019,Washoe
-119.7616073,39.60638945,100964,"Palmer, Virginia Elementary School",Open,"5890 Klondike Dr Sun Valley, NV 89433",,Sun Valley,NV,89433,,,Michelle,Camacho-Villa,7757621907,"Food Bank of Northern Nevada, Inc.",2019-06-10T04:00:00.000Z,2019-08-02T04:00:00.000Z,"M,T,W,TH,F,",,,11:00 am-11:30 am,,,,,7,U,US,137405,,2019,Washoe
-119.8181501,39.58936843,100965,Panther Valley Park,Open,"850 Link Ln Reno, NV 89506",,Reno,NV,89506,,,Michelle,Camacho-Villa,7757621907,"Food Bank of Northern Nevada, Inc.",2019-06-10T04:00:00.000Z,2019-08-02T04:00:00.000Z,"M,T,W,TH,F,",,,1:15 pm-1:45 pm,,,,,7,U,US,30018,,2019,Washoe
-119.8135208,39.51290008,100967,Plumas Gym,Open,"475 Monroe St Reno, NV 89509",,Reno,NV,89509,,,Alan,Roney,7753342262,"Food Bank of Northern Nevada, Inc.",2019-06-10T04:00:00.000Z,2019-08-09T04:00:00.000Z,"M,T,W,TH,F,",,8:30 am-9:00 am,12:00 pm-12:30 pm,,,,,7,U,US,116085,,2019,Washoe
-119.8065317,39.49446001,100968,Robinhood Park,Open,"800 Robinhood Dr Reno, NV 89509",,Reno,NV,89509,,,Julie,Colon,7752238342,"Food Bank of Northern Nevada, Inc.",2019-06-10T04:00:00.000Z,2019-08-02T04:00:00.000Z,"M,T,W,TH,F,",,,12:30 pm-1:00 pm,,,,,7,U,US,83481,,2019,Washoe
-119.7477324,39.48606049,100969,Rosewood Apartments-4500,Open,"4500 Mira Loma Dr Reno, NV 89502",,Reno,NV,89502,,,Nicole,Green,7758268660,"Food Bank of Northern Nevada, Inc.",2019-06-10T04:00:00.000Z,2019-08-09T04:00:00.000Z,"M,T,W,TH,F,",,,12:30 pm-1:30 pm,,,,,7,U,US,137602,,2019,Washoe
-119.7332597,39.55572959,100970,Shelly Park,Open,"2901 N Truckee Ln Sparks, NV 89434",,Sparks,NV,89434,,,Nicole,Diltz,7753797016,"Food Bank of Northern Nevada, Inc.",2019-06-10T04:00:00.000Z,2019-08-02T04:00:00.000Z,"M,T,W,TH,F,",,,12:30 pm-1:00 pm,,,,,7,U,US,137684,,2019,Washoe
-119.7945934,39.48799306,100971,Sierra View Library,Open,"4001 S. Virginia St Reno, NV 89502",,Reno,NV,89502,,,Jeff,Scott,7753278340,"Food Bank of Northern Nevada, Inc.",2019-06-08T04:00:00.000Z,2019-08-11T04:00:00.000Z,"M,T,W,TH,F,SA",,,11:30 am-12:00 pm,,,,,7,U,US,137696,,2019,Washoe
-119.800926,39.54717,100972,Silver Terrace and Centennial Park Apartments,Open,"1611 Wedekind Rd Reno, NV 89512",,Reno,NV,89512,,,Jackie,Castrillo,7753000040,"Food Bank of Northern Nevada, Inc.",2019-06-10T04:00:00.000Z,2019-08-02T04:00:00.000Z,"M,T,W,TH,F,",,,12:30 pm-1:00 pm,,,,,7,U,US,25191,,2019,Washoe
-119.8438632,39.6000462,100973,Skyline Mobile Home Park,Open,"7900 N. Virginia St. Reno, NV 89506",,Reno,NV,89506,,,Stephanie,Johal,7754404275,"Food Bank of Northern Nevada, Inc.",2019-06-10T04:00:00.000Z,2019-08-02T04:00:00.000Z,"M,T,W,TH,F,",,,11:45 am-12:15 pm,,,,,7,U,US,137707,,2019,Washoe
-119.7584221,39.54422221,100974,Sparks Library,Open,"1125 12th St Sparks, NV 89431",,Sparks,NV,89431,,,Corrine,Dickman,7753523200,"Food Bank of Northern Nevada, Inc.",2019-06-08T04:00:00.000Z,2019-08-11T04:00:00.000Z,"M,T,W,TH,F,SA",,,12:15 pm-12:45 pm,,,,,7,U,US,137752,,2019,Washoe
-119.7441219,39.55067545,100975,Sparks Rec Center,Open,"98 Richards Way Sparks, NV 89431",,Sparks,NV,89431,,,Karen,Rister,7753013293,"Food Bank of Northern Nevada, Inc.",2019-06-10T04:00:00.000Z,2019-08-09T04:00:00.000Z,"M,T,W,TH,F,",,,12:00 pm-1:00 pm,,4:00 pm-4:30 pm,,,7,U,US,116439,,2019,Washoe
-119.8759108,39.65633081,100976,Stead Manor,Open,"14290 Mt Charleston Reno, NV 89506",,Reno,NV,89506,,,Stephanie,Johal,7754404275,"Food Bank of Northern Nevada, Inc.",2019-06-10T04:00:00.000Z,2019-08-02T04:00:00.000Z,"M,T,W,TH,F,",,,12:30 pm-1:00 pm,,,,,7,U,US,137840,,2019,Washoe
-119.7236957,39.55171969,100977,Van Meter Park,Open,"2301 Fargo Way Sparks, NV 89434",,Sparks,NV,89434,,,Nicole,Diltz,7753797016,"Food Bank of Northern Nevada, Inc.",2019-06-10T04:00:00.000Z,2019-08-02T04:00:00.000Z,"M,T,W,TH,F,",,,1:15 pm-1:45 pm,,,,,7,U,US,25299,,2019,Washoe
-119.8100929,39.52259558,100978,Washoe County Library,Open,"301 S. Center Street Reno, NV 89501",,Reno,NV,89501,,,Benda,Owens,7753278303,"Food Bank of Northern Nevada, Inc.",2019-06-08T04:00:00.000Z,2019-08-11T04:00:00.000Z,"S,M,T,W,TH,F,SA",,,11:30am -12:00 pm,,,,,7,U,US,116774,,2019,Washoe
-119.78335,39.5059135,100979,Wooster High School,Open,"1331 E Plumb Ln. Reno, NV 89502",,Reno,NV,89502,,,Nicole,Grose,7753335100,"Food Bank of Northern Nevada, Inc.",2019-06-10T04:00:00.000Z,2019-06-28T04:00:00.000Z,"M,T,W,TH,F,",,,11:30 am-12:00 pm,,,,,7,U,US,138128,,2019,Washoe
-119.7935684,39.49768817,100980,Yori Park,Open,"2800 Yori Way Reno, NV 89502",,Reno,NV,89502,,,Julie,Colon,7752238342,"Food Bank of Northern Nevada, Inc.",2019-06-10T04:00:00.000Z,2019-08-02T04:00:00.000Z,"M,T,W,TH,F,",,,11:45 am-12:15 pm,,,,,7,U,US,25363,,2019,Washoe
-118.477431,40.18275107,100982,Lovelock City Park,Open,"Elmhurst Avenue Lovelock, NV 89419",,Lovelock,NV,89419,,,Alaine,Nye,7756239003,Frontier Community Action Agency,2019-06-10T04:00:00.000Z,2019-08-16T04:00:00.000Z,"M,T,W,TH,F,",,,11:30 AM-1:00PM,,,,,7,U,US,24905,,2019,Pershing
-116.4608137,36.56889652,100983,Amargosa GREAT Amargosa Park,Open,"777 E. Amargosa Farm Road Amargosa Valley, NV 89020",,Amargosa Valley,NV,89020,,,Angelique,Britton,7759909904,Nye County School District,2019-07-22T04:00:00.000Z,2019-07-25T04:00:00.000Z,"M,T,W,TH,",,,12:00-12:15,,,,,7,U,US,135989,,2019,Nye
-116.759062,36.90546911,100984,Beatty GREAT Cottonwood Park,Open,"4th Street Beatty, NV 89003",,Beatty,NV,89003,,,Kristy,Miller,7757647980,Nye County School District,2019-07-29T04:00:00.000Z,2019-08-01T04:00:00.000Z,"M,T,W,TH,",,,12:00-12:15,,,,,7,U,US,24435,,2019,Nye
-116.0144879,36.28203283,100985,Clarke Middle School,Open,"4201 N. Blagg Rd. Pahrump, NV 89060",,Pahrump,NV,89060,,,Tonya,Hill,7757275546,Nye County School District,2019-06-03T04:00:00.000Z,2019-06-20T04:00:00.000Z,"M,T,W,TH,",,8:00-8:30,11:00-11:30,,,,,7,U,US,136316,,2019,Nye
-115.9626607,36.17533051,100987,Courtyard Apartments,Open,"2831 E. Dandelion St. Pahrump, NV 89048",,Pahrump,NV,89048,,,Marion,Dove,7752535912,Nye County School District,2019-05-28T04:00:00.000Z,2019-08-02T04:00:00.000Z,"M,T,W,TH,F,",,,11:10-11:20,,,,,7,U,US,24598,,2019,Nye
-115.9748,36.1931946,100988,Focus Link,Open,"2200 E. Calvada Blvd. Pahrump, NV 89048",,Pahrump,NV,89048,,,Terri,Hargis,7759101139,Nye County School District,2019-05-28T04:00:00.000Z,2019-08-02T04:00:00.000Z,"M,T,W,TH,F,",,,10:50-11:00,,,,,7,U,US,136630,,2019,Nye
-115.9976024,36.19434152,100989,Johnson Elementary School,Open,"900 East Jackrabbit Street Pahrump, NV 89048",,Pahrump,NV,89048,,,Kyera,Glenn,7759101167,Nye County School District,2019-05-28T04:00:00.000Z,2019-07-26T04:00:00.000Z,"M,T,W,TH,F,",,7:30-8:40,11:30-12:15,,,,,7,U,US,136928,,2019,Nye
-115.9577661,36.13369525,100990,Lakeside RV Park,Open,"5870 Homestead Rd. Pahrump, NV 89048",,Pahrump,NV,89048,,,Marion,Dove,7752535912,Nye County School District,2019-05-28T04:00:00.000Z,2019-08-02T04:00:00.000Z,"M,T,W,TH,F,",,,11:30-11:40,,,,,7,U,US,136992,,2019,Nye
-116.0395606,36.20489252,100991,NV All Star Athletics,Open,"1410 W. Charleston Park Pahrump, NV 89048",,Pahrump,NV,89048,,,Kyera,Glen,7759101889,Nye County School District,2019-05-29T04:00:00.000Z,2019-08-02T04:00:00.000Z,"M,T,W,TH,F,",,,10:30-10:40,,,,,7,U,US,137352,,2019,Nye
-115.994774,36.2212686,100993,Petrack Park,Open,"240 Highway 160 Pahrump, NV 89060",,Pahrump,NV,89060,,,Terri,Hargis,7759101139,Nye County School District,2019-05-28T04:00:00.000Z,2019-08-02T04:00:00.000Z,"M,T,W,TH,F,",,,1:00-1:15,,,,,7,U,US,25073,,2019,Nye
-115.9903637,36.27896266,100994,Simkins Park (Mobile),Open,"1350 E. Simkins Rd. Pahrump, NV 89060",,Pahrump,NV,89060,,,Terri,Hargis,7759101139,Nye County School District,2019-05-28T04:00:00.000Z,2019-08-02T04:00:00.000Z,"M,T,W,TH,F,",,,12:40-12:50,,,,,7,U,US,137701,,2019,Nye
-119.747711,39.70820929,100997,Hungry Valley,Open,"9055 Eagle Canyon Road Sparks, NV 89441",,Sparks,NV,89441,,,TBD,TBD,7753296114,Reno-Sparks Indian Colony Tribal Council,2019-06-10T04:00:00.000Z,2019-08-09T04:00:00.000Z,"M,T,W,TH,F,",,8:30-9:30,11:30-12:30,,,,,7,U,US,136869,,2019,Washoe
-119.7860361,39.524508,100998,Reno-Sparks Indian Colony,Open,"34 Reservation Rd Reno, NV 89502",,Reno,NV,89502,,,Raelyne,Thomas,7753296114,Reno-Sparks Indian Colony Tribal Council,2019-06-10T04:00:00.000Z,2019-08-09T04:00:00.000Z,"M,T,W,TH,F,",,8:30-9:30,11:30-12:30,,,,,7,U,US,137554,,2019,Washoe
-118.7766998,39.48558998,101000,Churchill Village Apartments,Open,"650 N. Maine St Fallon, NV 89406",,Fallon,NV,89406,,,Staff,Member,7754236926,The Fallon Youth Club Inc.,2019-06-03T04:00:00.000Z,2019-08-08T04:00:00.000Z,"M,T,W,TH,F,",,,11:15-11:25,,,,,7,U,US,136296,,2019,Churchill
-118.614123,39.50441348,101001,Fallon Paiute Shoshone Tribe,Open,"8955 Mission Rd Fallon, NV 89406",,Fallon,NV,89406,,,Melissa,Miles,7754238065,The Fallon Youth Club Inc.,2019-06-10T04:00:00.000Z,2019-08-08T04:00:00.000Z,"M,T,W,TH,",,,11:30-11:45,,,,,7,U,US,81689,,2019,Churchill
-118.788012,39.47217754,101002,Laura Mills Park,Open,"Tedford Lane Fallon, NV 89406",,Fallon,NV,89406,,,Staff,Member,7754236926,The Fallon Youth Club Inc.,2019-06-03T04:00:00.000Z,2019-08-08T04:00:00.000Z,"M,T,W,TH,F,",,,11:50-12:00,,,,,7,U,US,137002,,2019,Churchill
-118.7688406,39.473109,101003,Oats Park,Open,"Park Street Fallon, NV 89406",,Fallon,NV,89406,,,Staff,Member,7754236926,The Fallon Youth Club Inc.,2019-06-03T04:00:00.000Z,2019-08-08T04:00:00.000Z,"M,T,W,TH,F,",,,12:05-12:20,,3:30-3:45,,,7,U,US,25035,,2019,Churchill
-118.7941604,39.47698019,101004,Sunridge Quarters (Indigo Village),Open,"Auction Rd. Falllon, NV 89406",,Falllon,NV,89406,,,Staff,Member,7754236926,The Fallon Youth Club Inc.,2019-06-03T04:00:00.000Z,2019-08-08T04:00:00.000Z,"M,T,W,TH,F,",,,11:30-11:40,,,,,7,U,US,137878,,2019,Churchill
-118.7695213,39.47203553,101005,The Fallon Youth Club Inc. (clubhouse),Open,"545 E. Richards St Fallon, NV 89406",,Fallon,NV,89406,,,Staff,Member,7754236926,The Fallon Youth Club Inc.,2019-06-03T04:00:00.000Z,2019-08-08T04:00:00.000Z,"M,T,W,TH,F,",,8:15-8:30,,,,5:15-5:30,,7,U,US,137919,,2019,Churchill
-115.242836,36.132399,101006,A Complete Care Services,Open,"3130 S Rainbow Blvd (suite 304) Las Vegas, NV 89146",suite 304,Las Vegas,NV,89146,,,Natalie,Garcia,7022023374,Three Square,2019-05-28T04:00:00.000Z,2019-08-09T04:00:00.000Z,"M,T,W,",,,3:00 PM-3:15 PM,,,,,7,U,US,135943,,2019,Clark
-115.1744479,36.18495503,101007,Academic Center,Open,"1255 Robin St. Las Vegas, NV 89106",,Las Vegas,NV,89106,,,Yvonne,Alexander,7027993140,Three Square,2019-06-10T04:00:00.000Z,2019-07-19T04:00:00.000Z,"M,T,W,TH,F,",,,9:00 AM-9:15 AM,,,,,7,U,US,135953,,2019,Clark
-115.16075,36.17990939,101008,Agassi Boys and Girls Club,Open,"800 N Martin Luther King Blvd Las Vegas, NV 89106",,Las Vegas,NV,89106,,,James,Smith,7026381120,Three Square,2019-05-28T04:00:00.000Z,2019-08-09T04:00:00.000Z,"M,T,W,TH,F,",,8:00 AM-9:00 AM,11:00 AM-12:00 PM,,,,,7,U,US,135969,,2019,Clark
-115.1827839,36.19212652,101009,Anointed Tabernacle,Open,"3050 Holly Ave Las Vegas, NV 89106",,Las Vegas,NV,89106,,,Andrea,Walker-Davis,7028013030,Three Square,2019-05-28T04:00:00.000Z,2019-08-09T04:00:00.000Z,"M,T,W,TH,F,SA",,8:30 AM-10:00 AM,11:30 AM-1:00 PM,,,,,7,U,US,135996,,2019,Clark
-115.0594293,36.23746916,101010,Aviator Suites Apartments,Open,"4244 North Las Vegas Blvd. Las Vegas, NV 89115",,Las Vegas,NV,89115,,,Traci,Daniel,7024783957,Three Square,2019-05-28T04:00:00.000Z,2019-08-09T04:00:00.000Z,"M,T,W,TH,F,",,,12:40 PM-1:10 PM,,,,,7,U,US,136029,,2019,Clark
-114.9765776,36.01309503,101011,Black Mountain Recreation Center,Open,"599 Greenway Henderson, NV 89015",,Henderson,NV,89015,,,Melanie,Hollingshead,7022674070,Three Square,2019-05-28T04:00:00.000Z,2019-08-09T04:00:00.000Z,"M,T,W,TH,F,",,7:30 AM-8:30 AM,10:30 AM-12:30 PM,,,,,7,U,US,24455,,2019,Clark
-115.069888,36.23133513,101012,BlueBird Mobile Home Park,Open,"3920 N Las Vegas Blvd Las Vegas, NV 89115",,Las Vegas,NV,89115,,,Traci,Daniel,7026443663,Three Square,2019-05-28T04:00:00.000Z,2019-08-09T04:00:00.000Z,"M,T,W,TH,F,",,,2:00 PM-2:30 PM,,,,,7,U,US,136103,,2019,Clark
-115.0459195,36.19712028,101013,Bob Price Recreation Center - Open,Open,"2050 Bonnie Lane Las Vegas, NV 89156",,Las Vegas,NV,89156,,,Andrew,Carrillo,7024557600,Three Square,2019-05-28T04:00:00.000Z,2019-08-09T04:00:00.000Z,"M,T,W,TH,F,",,8:45 AM-9:30 AM,12:00 PM-1:00 PM,,,,,7,U,US,24463,,2019,Clark
-115.0741174,36.12651348,101014,Boulder Highway Boys and Girls Club,Open,"3475 Mountain Vista St Las Vegas, NV 89121",,Las Vegas,NV,89121,,,Alena,Evans,7025389009,Three Square,2019-05-28T04:00:00.000Z,2019-08-09T04:00:00.000Z,"M,T,W,TH,F,",,9:00 AM-10:00 AM,1:00 PM-2:00 PM,,,,,7,U,US,136117,,2019,Clark
-114.8258769,35.96926968,101017,Christian Center Church,Open,"571 Adams Blvd Boulder City, NV 89005",,Boulder City,NV,89005,,,Mayra,Zielinski,7029369152,Three Square,2019-06-03T04:00:00.000Z,2019-08-09T04:00:00.000Z,"M,T,W,TH,F,",,,12:00 PM-1:00 PM,,,,,7,U,US,122728,,2019,Clark
-115.134881,36.11448847,101019,Clark County Library,Open,"1401 E. Flamingo Rd. Las Vegas, NV 89119",,Las Vegas,NV,89119,,,Lexi,McEwen,7025073436,Three Square,2019-05-28T04:00:00.000Z,2019-08-09T04:00:00.000Z,"S,M,T,W,TH,F,SA",,,1:00 PM-3:00 PM,,,,,7,U,US,136315,,2019,Clark
-115.1200536,36.18839454,101020,College Park Baptist Church,Open,"2101 E Owens Ave North Las Vegas, NV 89030",,North Las Vegas,NV,89030,,,Myra,Davis,7022804656,Three Square,2019-05-28T04:00:00.000Z,2019-08-09T04:00:00.000Z,"M,T,W,TH,F,",,8:30 AM-9:30 AM,12:00 PM-1:30 PM,,,,,7,U,US,136339,,2019,Clark
-115.094391,36.17351349,101023,Desert Pines Boys & Girls Club,Open,"3750 E. Bonanza Rd Las Vegas, NV 89110",,Las Vegas,NV,89110,,,Cory,Harper,7024769224,Three Square,2019-05-28T04:00:00.000Z,2019-08-09T04:00:00.000Z,"M,T,W,TH,F,",,9:30 AM-10:30 AM,1:30 PM-2:30 PM,,,,,7,U,US,136440,,2019,Clark
-115.0918039,36.22470952,101024,Diamond Vista Homes,Open,"3779 Autzen Stadium Way Las Vegas, NV 89115",,Las Vegas,NV,89115,,,Traci,Daniel,7023153502,Three Square,2019-05-28T04:00:00.000Z,2019-08-09T04:00:00.000Z,"M,T,W,TH,F,",,,10:00 AM-10:30 AM,,,,,7,U,US,24641,,2019,Clark
-115.1562974,36.19528794,101025,Doolittle Community Center,Open,"1950 N. J Street Las Vegas, NV 89101",,Las Vegas,NV,89101,,,Willie,Dunn,7022291734,Three Square,2019-05-28T04:00:00.000Z,2019-08-09T04:00:00.000Z,"M,T,W,TH,F,",,8:00 AM-9:00 AM,12:00 PM-1:00 PM,,,,,7,U,US,24651,,2019,Clark
-115.1114584,36.16651907,101026,Downtown McCabe Clubhouse (BGC),Open,"2801 E Stewart Ave. Las Vegas, NV 89101",,Las Vegas,NV,89101,,,Ruby,Corona,7023882828,Three Square,2019-05-28T04:00:00.000Z,2019-08-09T04:00:00.000Z,"M,T,W,TH,F,",,9:15 AM-10:15 PM,1:15 PM-2:15 PM,,,,,7,U,US,136468,,2019,Clark
-114.9840061,36.02919684,101027,Downtown Rec (Henderson),Open,"105 W. Basic Rd. Henderson, NV 89015",,Henderson,NV,89015,,,Ted,Lockamon,7022674109,Three Square,2019-05-28T04:00:00.000Z,2019-08-09T04:00:00.000Z,"M,T,W,TH,F,",,,,,,3:00 PM-5:00 PM,,7,U,US,136469,,2019,Clark
-115.1156965,36.16583689,101028,East Las Vegas Community Center,Open,"250 N. Eastern Avenue Las Vegas, NV 89101",,Las Vegas,NV,89101,,,LaKeisha,Dickens,7022291518,Three Square,2019-05-28T04:00:00.000Z,2019-08-09T04:00:00.000Z,"M,T,W,TH,F,",,8:00 AM-9:00 AM,11:30 AM-1:00 PM,,,,,7,U,US,136515,,2019,Clark
-115.1105828,36.1737285,101029,East Las Vegas Library,Open,"2851 E Bonanza Rd Las Vegas, NV 89101",,Las Vegas,NV,89101,,,Tala,Miranda,7025073517,Three Square,2019-06-04T04:00:00.000Z,2019-08-08T04:00:00.000Z,"T,W,TH,",,,12:00 PM-1:00 PM,,,,,7,U,US,136516,,2019,Clark
-114.988704,36.03689634,101033,Gibson Library,Open,"100 W Lake Mead Pkwy Henderson, NV 89015",,Henderson,NV,89015,,,Leona,Vittum-Jones,7022074255,Three Square,2019-06-04T04:00:00.000Z,2019-08-09T04:00:00.000Z,"T,W,TH,F,SA",,,11:30 AM-12:30 PM,,,,,7,U,US,136695,,2019,Clark
-115.3005535,36.10009049,101034,"Gulbis, Natalie Clubhouse",Open,"9552 W Tropicana Ave Las Vegas, NV 89128",,Las Vegas,NV,89128,,,Malcolm,Rowland,7022489502,Three Square,2019-05-28T04:00:00.000Z,2019-08-09T04:00:00.000Z,"M,T,W,TH,F,",,8:00 AM-9:00 AM,12:00 PM-1:00 PM,,,,,7,U,US,136763,,2019,Clark
-115.0263148,36.1534628,101035,Hollywood Recreation Center - Open,Open,"1650 S. Hollywood Blvd. Las Vegas, NV 89142",,Las Vegas,NV,89142,,,Melanie,Hammond,7024550566,Three Square,2019-05-28T04:00:00.000Z,2019-08-09T04:00:00.000Z,"M,T,W,TH,F,",,8:00 AM-9:00 AM,12:00 PM-1:00 PM,,,,,7,U,US,24806,,2019,Clark
-115.1392652,36.18828643,101036,Horizon Crest Apartments,Open,"13 W Owens North Las Vegas, NV 89030",,North Las Vegas,NV,89030,,,Angela,Kirkpatrick,7023994735,Three Square,2019-06-03T04:00:00.000Z,2019-08-09T04:00:00.000Z,"M,T,W,",,,12:00 PM-1:00 PM,,,,,7,U,US,107361,,2019,Clark
-115.6773368,36.5702945,101037,Indian Springs Library,Open,"715 Gretta Lane Indian Springs, NV 89018",,Indian Springs,NV,89018,,,Marie,Reed,7028793845,Three Square,2019-05-28T04:00:00.000Z,2019-08-09T04:00:00.000Z,"T,W,TH,SA",,,3:30 PM-4:30 PM,,,,,7,U,US,95064,,2019,Clark
-115.1434251,36.11200376,101038,Jackie Gaughan Clubhouse (BGC),Open,"920 Cottage Grove Las Vegas, NV 89119",,Las Vegas,NV,89119,,,Perla,Casey,7027316638,Three Square,2019-05-28T04:00:00.000Z,2019-08-09T04:00:00.000Z,"M,T,W,TH,F,",,9:00 AM-10:00 AM,12:00 PM-1:00 PM,,,,,7,U,US,136898,,2019,Clark
-115.0605318,36.17218555,101040,Janice Brooks Bay Apartments,Open,"5201 Walnut Ave Las vegas, NV 89110",,Las vegas,NV,89110,,,Anastasia,Campbell,7024773395,Three Square,2019-06-03T04:00:00.000Z,2019-08-01T04:00:00.000Z,"M,T,W,TH,",,9:00 AM-11:00 AM,1:00 PM-3:00 PM,,,,,7,U,US,82239,,2019,Clark
-115.1352147,36.17825493,101042,Las Vegas Library,Open,"833 Las Vegas Blvd Las Vegas, NV 89101",,Las Vegas,NV,89101,,,Tala,Miranda,7025073549,Three Square,2019-05-28T04:00:00.000Z,2019-08-08T04:00:00.000Z,"S,T,W,TH,",,,12:45 PM-2:15 PM,,,,,7,U,US,82421,,2019,Clark
-115.0670695,36.22339686,101043,Liberty Village Apartments,Open,"4870 Nellis Oasis Ln Las Vegas, NV 89115",,Las Vegas,NV,89115,,,Traci,Daniel,7026443663,Three Square,2019-05-28T04:00:00.000Z,2019-08-09T04:00:00.000Z,"M,T,W,TH,F,",,,3:20 PM-3:50 PM,,,,,7,U,US,125447,,2019,Clark
-115.216597,36.13711408,101044,Lied Memorial Clubhouse (BGC),Open,"2850 S. Lindell Rd. Las Vegas, NV 89146",,Las Vegas,NV,89146,,,Lisa,Yee,7022532819,Three Square,2019-05-28T04:00:00.000Z,2019-08-09T04:00:00.000Z,"M,T,W,TH,F,",,9:00 AM-10:00 AM,12:00 PM-1:00 PM,,,,,7,U,US,137042,,2019,Clark
-115.0701515,36.24051751,101045,Manzanita Apartments,Open,"4730 E Craig Rd Las Vegas, NV 89115",,Las Vegas,NV,89115,,,Traci,Daniel,,Three Square,2019-05-28T04:00:00.000Z,2019-08-09T04:00:00.000Z,"M,T,W,TH,F,",,,2:40 PM-3:10 PM,,,,,7,U,US,137099,,2019,Clark
-114.070332,36.80531449,101046,Mesquite Library,Open,"121 W 1st North Mesquite, NV 89027",,Mesquite,NV,89027,,,Judith,Sargent,7023465224,Three Square,2019-05-28T04:00:00.000Z,2019-08-09T04:00:00.000Z,"M,T,W,TH,F,",,,11:30 AM-12:30 PM,,,,,7,U,US,137162,,2019,Clark
-115.0974318,36.23242947,101047,Millennium East,Open,"3580 E Alexander Rd Las Vegas, NV 89115",,Las Vegas,NV,89115,,,Traci,Daniel,9794227727,Three Square,2019-05-28T04:00:00.000Z,2019-08-09T04:00:00.000Z,"M,T,W,TH,F,",,,11:20 AM-11:50 AM,,,,,7,U,US,137172,,2019,Clark
-115.1250195,36.19022386,101049,Neighborhood Recreation Center,Open,"1638 N. Bruce Street North Las Vegas, NV 89030",,North Las Vegas,NV,89030,,,Gerald,Childs,7026331637,Three Square,2019-05-28T04:00:00.000Z,2019-08-09T04:00:00.000Z,"M,T,W,TH,SA",,,,,11:30 AM-1:30 PM,3:00 PM-5:00 PM,,7,U,US,137251,,2019,Clark
-115.0622681,36.23665603,101050,Nellis Gardens Apartments,Open,"4255 North Nellis Blvd. Las Vegas, NV 89115",,Las Vegas,NV,89115,,,Traci,Daniel,7026443040,Three Square,2019-05-28T04:00:00.000Z,2019-08-09T04:00:00.000Z,"M,T,W,TH,F,",,,1:20 PM-1:50 PM,,,,,7,U,US,137253,,2019,Clark
-115.039931,36.15808004,101052,Orchard Club Apartments,Open,"1220 Tree Line Dr. Las Vegas, NV 89142",,Las Vegas,NV,89142,,,Traci,Daniel,7024574526,Three Square,2019-05-28T04:00:00.000Z,2019-08-09T04:00:00.000Z,"M,T,W,TH,F,",,,1:20 PM-1:50 PM,,,,,7,U,US,137383,,2019,Clark
-115.1100175,36.10231114,101053,Paradise Recreation Center - Open,Open,"4775 McLeod Dr. Las Vegas, NV 89121",,Las Vegas,NV,89121,,,Kayla,Parker,7024557513,Three Square,2019-05-28T04:00:00.000Z,2019-08-09T04:00:00.000Z,"M,T,W,TH,F,",,8:00 AM-8:45 AM,11:30 AM-12:30 PM,,,,,7,U,US,137408,,2019,Clark
-115.1015029,36.21757614,101055,Parkwood Apartments,Open,"3417 E Cheyenne Ave North Las Vegas, NV 89030",,North Las Vegas,NV,89030,,,Traci,Daniel,7026443663,Three Square,2019-05-28T04:00:00.000Z,2019-08-09T04:00:00.000Z,"M,T,W,TH,F,",,,10:40 AM-11:10 AM,,,,,7,U,US,137420,,2019,Clark
-115.1625025,36.20296953,101056,Pearson Community Center - Open,Open,"1625 W Carey Ave North Las Vegas, NV 89032",,North Las Vegas,NV,89032,,,Dominique,Wright-Ellis,7024551220,Three Square,2019-05-28T04:00:00.000Z,2019-08-09T04:00:00.000Z,"M,T,W,TH,F,",,8:30 AM-9:30 AM,11:30 AM-12:30 PM,,,,,7,U,US,137437,,2019,Clark
-115.1804838,36.16259049,101062,Salvation Army Palomino,Open,"2900 Palomino Ln Las Vegas, NV 89107",,Las Vegas,NV,89107,,,Jennifer,Cantley,7028704430,Three Square,2019-07-02T04:00:00.000Z,2019-08-01T04:00:00.000Z,"T,W,TH,",,,12:15 PM-1:00 PM,,,,,7,U,US,137624,,2019,Clark
-115.0721566,36.20324147,101063,Santiago Mobile Home Park LLC,Open,"4650 E Carey Ave Las Vegas, NV 89115",,Las Vegas,NV,89115,,,Traci,Daniel,7026449499,Three Square,2019-05-28T04:00:00.000Z,2019-08-09T04:00:00.000Z,"M,T,W,TH,F,",,,11:20 AM-11:50 AM,,,,,7,U,US,137633,,2019,Clark
-114.9074778,35.467947,101064,Searchlight Library,Open,"200 Michael Wendell Way Searchlight, NV 89046",,Searchlight,NV,89046,,,Kelli,Carlson,7022971442,Three Square,2019-05-28T04:00:00.000Z,2019-08-09T04:00:00.000Z,"T,W,TH,SA",,,2:00 PM-4:00 PM,,,,,7,U,US,108726,,2019,Clark
-115.1893345,36.23335278,101065,Silver Mesa Recreation Center,Open,"4025 Allen Lane North Las Vegas, NV 89032",,North Las Vegas,NV,89032,,,AJ,Green,7026332490,Three Square,2019-05-28T04:00:00.000Z,2019-08-09T04:00:00.000Z,"M,T,W,TH,F,",,8:00 AM-9:00 AM,,,,3:00 PM-5:00 PM,,7,U,US,25187,,2019,Clark
-115.0744101,36.04573649,101067,Silver Springs Recreation Center,Open,"1951 Silver Springs Parkway Henderson, NV 89074",,Henderson,NV,89074,,,Vanessa,Lujan,7022674109,Three Square,2019-05-28T04:00:00.000Z,2019-08-09T04:00:00.000Z,"M,T,W,TH,F,",,8:00 AM-9:00 AM,11:00 AM-1:00 PM,,,,,7,U,US,25190,,2019,Clark
-115.0894061,36.22163341,101068,Silverado Mobile Home Park,Open,"3401 N. Walnut Rd Las Vegas, NV 89115",,Las Vegas,NV,89115,,,Traci,Daniel,7026443663,Three Square,2019-05-28T04:00:00.000Z,2019-08-09T04:00:00.000Z,"M,T,W,TH,F,",,,10:00 AM-10:30 AM,,,,,7,U,US,83702,,2019,Clark
-115.0505009,36.10020569,101070,Sportsman Royal Manor,Open,"5600 Boulder Hwy Las Vegas, NV 89122",,Las Vegas,NV,89122,,,Traci,Daniel,7026443663,Three Square,2019-05-28T04:00:00.000Z,2019-08-09T04:00:00.000Z,"M,T,W,TH,F,",,,3:10 PM-3:40 PM,,,,,7,U,US,123568,,2019,Clark
-115.1598051,36.14736953,101072,Stupack Community Center,Open,"251 W. Boston Las Vegas, NV 89102",,Las Vegas,NV,89102,,,Deidre,Thomas,7022292488,Three Square,2019-05-28T04:00:00.000Z,2019-08-09T04:00:00.000Z,"M,T,W,TH,F,SA",,8:00 AM-9:30 AM,12:00 PM-2:00 PM,,,,,7,U,US,137867,,2019,Clark
-115.0984842,36.21273574,101073,Sun Garden Apartments,Open,"2928 N. Pecos Rd Las Vegas, NV 89115",,Las Vegas,NV,89115,,,Traci,Daniel,7026431391,Three Square,2019-05-28T04:00:00.000Z,2019-08-09T04:00:00.000Z,"M,T,W,TH,F,",,,10:40 AM-11:10 AM,,,,,7,U,US,137873,,2019,Clark
-115.0547227,36.17782147,101074,Sunrise Library,Open,"5400 Harris Ave. Las Vegas, NV 89110",,Las Vegas,NV,89110,,,Natalia,Tabisaura,7025073905,Three Square,2019-05-28T04:00:00.000Z,2019-08-09T04:00:00.000Z,"M,T,W,TH,F,",,,12:30 PM-1:30 PM,,,,,7,U,US,137880,,2019,Clark
-115.1778494,36.23250575,101075,Teach Them How to Learn,Open,"4012 Fuselier Dr North Las Vegas, NV 89032",,North Las Vegas,NV,89032,,,Ollie,Allen,7736686821,Three Square,2019-06-03T04:00:00.000Z,2019-08-02T04:00:00.000Z,"M,T,W,TH,F,",,8:00 AM-9:00 AM,12:00 PM-1:00 PM,,,,,7,U,US,137908,,2019,Clark
-115.0684404,36.1166225,101077,The Suites,Open,"4855 Boulder Hwy Las Vegas, NV 89121",,Las Vegas,NV,89121,,,Traci,Daniel,7026443663,Three Square,2019-05-28T04:00:00.000Z,2019-08-09T04:00:00.000Z,"M,T,W,TH,F,",,,2:15 PM-3:00 PM,,,,,7,U,US,123651,,2019,Clark
-115.0622675,36.232128,101078,Topaz Springs,Open,"3975 North Nellis Blvd Las Vegas, NV 89115",,Las Vegas,NV,89115,,,Traci,Daniel,7026435348,Three Square,2019-05-28T04:00:00.000Z,2019-08-09T04:00:00.000Z,"M,T,W,TH,F,",,9:30 AM-10:30 AM,2:40 PM-3:10 PM,,,,,7,U,US,137945,,2019,Clark
-114.9720388,36.03500713,101079,Valley View Rec (Henderson),Open,"500 Harris St Henderson, NV 89015",,Henderson,NV,89015,,,Michelle,McGory,7022674109,Three Square,2019-05-28T04:00:00.000Z,2019-08-09T04:00:00.000Z,"M,T,W,TH,F,",,,,,,3:30 PM-5:30 PM,,7,U,US,138007,,2019,Clark
-115.0805374,36.1698319,101080,Vera Johnson B Apartments,Open,"505 N Lamb Las Vegas, NV 89110",,Las Vegas,NV,89110,,,Traci,Daniel,7025018756,Three Square,2019-05-28T04:00:00.000Z,2019-08-09T04:00:00.000Z,"M,T,W,TH,F,",,9:00 AM-10:00 AM,12:40 PM-1:10 PM,,,,,7,U,US,138010,,2019,Clark
-115.0648828,36.22331548,101082,Village Square Apartments,Open,"5025 Nellis Oasis Ln Las Vegas, NV 89115",,Las Vegas,NV,89115,,,Traci,Daniel,7023318190,Three Square,2019-05-28T04:00:00.000Z,2019-08-09T04:00:00.000Z,"M,T,W,TH,F,",,,3:20 PM-3:50 PM,,,,,7,U,US,84190,,2019,Clark
-115.0893484,36.21539433,101083,Walnut Recreation Center - Open,Open,"3075 N. Walnut Rd. Las Vegas, NV 89115",,Las Vegas,NV,89115,,,Alfonzo,McNeal,7024558402,Three Square,2019-05-28T04:00:00.000Z,2019-08-09T04:00:00.000Z,"M,T,W,TH,F,",,8:00 AM-9:00 AM,12:00 PM-1:00 PM,,,,,7,U,US,25315,,2019,Clark
-115.0588935,36.20161652,101085,Wexford Village,Open,"5254 Paradise Skies Las Vegas, NV 89156",,Las Vegas,NV,89156,,,Traci,Daniel,,Three Square,2019-05-28T04:00:00.000Z,2019-08-09T04:00:00.000Z,"M,T,W,TH,F,",,,2:00 PM-2:30 PM,,,,,7,U,US,138074,,2019,Clark
-115.0603427,36.10020651,101086,Whitney Library,Open,"5175 E. Tropicana Ave Las Vegas, NV 89122",,Las Vegas,NV,89122,,,Erin,Collins,7025074015,Three Square,2019-05-28T04:00:00.000Z,2019-08-09T04:00:00.000Z,"M,T,W,TH,F,",,,11:30 AM-12:30 PM,,3:00 PM-4:00 PM,,,7,U,US,138084,,2019,Clark
-115.0577152,36.07609686,101087,Whitney Ranch Recreation Center,Open,"1575 Galleria Drive Henderson, NV 89014",,Henderson,NV,89014,,,Danielle,Perry,7022675850,Three Square,2019-05-28T04:00:00.000Z,2019-08-09T04:00:00.000Z,"M,T,W,TH,F,",,7:30 AM-9:00 AM,10:30 AM-12:30 PM,,,,,7,U,US,25336,,2019,Clark
-118.7283902,39.4208433,101089,NAS Fallon Child Development Center,Open,"1001 Juniper Dr Fallon, NV 89406",,Fallon,NV,89406,,,Cassandra,Runnels,7754263808,US NAVAL STATION MORALE WELFARE AND RECREATION,2019-06-03T04:00:00.000Z,2019-08-21T04:00:00.000Z,"M,T,W,TH,F,",,09:00-10:00,1200-13:00,,,,,7,U,US,137240,,2019,Churchill
-118.7283902,39.4208433,101090,NAS Fallon School Age Care,Open,"1001 Juniper Dr. Fallon, NV 89406",,Fallon,NV,89406,,,Cassandra,Runnels,7754263808,US NAVAL STATION MORALE WELFARE AND RECREATION,2019-06-03T04:00:00.000Z,2019-08-21T04:00:00.000Z,"M,T,W,TH,F,",,09:00AM-10:00AM,12:00PM-1:00PM,,,,,7,U,US,137241,,2019,Churchill
-118.8133019,38.95284273,101091,Boys and Girls Club of Agai Dicutta Tuamuhvi Nobe,Open,"1123 Cottonwood Dr. (P.O.Box 220) Schurz, NV 89427",P.O.Box 220,Schurz,NV,89427,,,Crystal,Miller,7757732266,WALKER RIVER PAIUTE TRIBE,2019-06-01T04:00:00.000Z,2019-08-17T04:00:00.000Z,"M,T,W,TH,F,",,8:00 AM-9:00 PM,12:00 PM-1:00 PM,,,,,7,U,US,136144,,2019,Mineral
-119.7705172,39.14088744,101092,Carson Colony Gym,Open,"2900 S. Curry St. Carson City, NV 89703",,Carson City,NV,89703,,,Eric,Emm,7757826320,Washoe Tribe of Nevada and California,2019-06-17T04:00:00.000Z,2019-08-02T04:00:00.000Z,"M,T,W,TH,F,",,8:00AM-9:00AM,12:00PM-1:00PM,,,,,7,U,US,136239,,2019,Carson City
-119.7627855,39.11757166,101093,Stewart,Open,"465 Clear Creek Ave. Carson City, NV 89703",,Carson City,NV,89703,,,Eric,Emm,7757826320,Washoe Tribe of Nevada and California,2019-06-17T04:00:00.000Z,2019-08-02T04:00:00.000Z,"M,T,W,TH,F,",,8:00AM-9:00AM,12:00PM-1:00PM,,,,,7,U,US,137849,,2019,Carson City
-119.2087827,39.06975768,101095,Yerington Paiute Tribe Community Center,Open,"171 Campbell Lane Yerington, NV 89447",,Yerington,NV,89447,,,Mary,Williams,7757830275,Yerington Paiute Tribe,2019-06-24T04:00:00.000Z,2019-08-01T04:00:00.000Z,"M,T,W,TH,",,8:00AM-9:00AM,12:00PM-1:00PM,,,,,7,U,US,138143,,2019,Lyon
-116.099064,41.94579229,121262,Human Development Center,Open,"1284 OPD RD Owyhee, NV 89832",,Owyhee,NV,89832,,,Demetria,Sam,7757572920,Shoshone Paiute Tribe,2019-06-24T04:00:00.000Z,2019-08-16T04:00:00.000Z,"M,T,W,TH,",,8:00AM-8:30 am,11:30 AM-12:30 PM,,,,,8,U,US,24816,,2019,Elko
-115.1152239,36.20318146,121263,James Clubhouse (BGC),Open,"2530 E Carey North Las Vegas, NV 89030",,North Las Vegas,NV,89030,,,Lisa,Dix,7025864207,Three Square,2019-05-28T04:00:00.000Z,2019-08-09T04:00:00.000Z,"M,T,W,TH,F,",,9:15 AM-10:15 AM,1200 PM-1:00PM,,,,,8,U,US,136904,,2019,Clark
-115.206071,36.16099483,131553,Etena Fou Church,Open,"920 S Decatur Blvd Las Vegas, NV 89107",,Las Vegas,NV,89107,,,Ailao,Tofaeono,7025258349,Three Square,2019-07-01T04:00:00.000Z,2019-08-09T04:00:00.000Z,"M,T,W,TH,F,",,8:30 AM-9:30 AM,12:00 PM-1:00 PM,,,,,10,N,US,97211,,2019,Clark
-115.0565628,36.10985299,131554,Harmon Hills Apartments,Open,"5421 E Harmon Ave. Las Vegas, NV 89122",,Las Vegas,NV,89122,,,Traci,Daniel,7026443663,Three Square,2019-06-26T04:00:00.000Z,2019-08-09T04:00:00.000Z,"M,T,W,TH,F,",,,12:05pm-12:35pm,,,,,10,N,US,150134,,2019,Clark
-115.0311495,36.08350525,131555,Siena Suites,Open,"6555 Boulder Hwy Las Vegas, NV 89122",,Las Vegas,NV,89122,,,Traci,Daniel,7026443663,Three Square,2019-06-26T04:00:00.000Z,2019-08-09T04:00:00.000Z,"M,T,W,TH,F,",,,11:10am-11:55am,,,,,10,N,US,150583,,2019,Clark
-115.0624093,36.10037651,131556,Sonoma Hills Apartments,Open,"5100 E Tropicana Las Vegas, NV 89122",,Las Vegas,NV,89122,,,Traci,Daniel,7026443663,Three Square,2019-06-26T04:00:00.000Z,2019-08-09T04:00:00.000Z,"M,T,W,TH,F,",,,1:25pm-2:05pm,,,,,10,N,US,150608,,2019,Clark
-117.7263002,40.97376294,134409,"Vesco Park Winnemucca, NV",Open,"370 E. Haskell Street Winnemucca, nv 89445",,Winnemucca,nv,89445,,,Chad,Peters,,Boys and Girls Club of Truckee Meadows,2019-06-10T04:00:00.000Z,2019-08-23T04:00:00.000Z,"M,T,W,TH,F,",,,12:00pm-12:30pm,,,,,10,U,US,141355,,2019,Humboldt
-115.1418665,36.11785544,134411,Cambridge Recreation Center - Open,Open,"3930 Cambridge St. Las Vegas, NV 89119",,Las Vegas,NV,89119,,,Melissa,Warner,7024557169,Three Square,2019-05-28T04:00:00.000Z,2019-08-09T04:00:00.000Z,"M,T,W,TH,F,",,8:00 AM-9:00 AM,12:00 PM-1:00 PM,,,,,10,U,US,136207,,2019,Clark
-115.0622826,36.220383,134412,Carefree MHP,Open,"3325 N. Nellis Blvd Las Vegas, NV 89115",,Las Vegas,NV,89115,,,Traci,Daniel,7026443663,Three Square,2019-06-11T04:00:00.000Z,2019-08-09T04:00:00.000Z,"M,T,W,TH,F,",,,3:20pm-3:50pm,,,,,10,U,US,142398,,2019,Clark
-115.1419974,36.1477915,134413,City Impact,Open,"1000 S St. Louis Las Vegas, NV 89104",,Las Vegas,NV,89104,,,Mike,Husli,7028453453,Three Square,2019-06-18T04:00:00.000Z,2019-07-13T04:00:00.000Z,"T,W,TH,",,,12:00 PM-1:30 PM,,,,,10,U,US,136301,,2019,Clark
-115.0805553,36.1680537,134414,Cordero Pines Apartments,Open,"499 N. Lamb Blvd Las Vegas, NV 89110",,Las Vegas,NV,89110,,,Brandi,Nachtwein,7026040022,Three Square,2019-05-28T04:00:00.000Z,2019-08-09T04:00:00.000Z,"M,T,W,TH,F,",,10:00 AM-11:00 AM,1:00 PM-2:00 PM,,,,,10,U,US,81327,,2019,Clark
-115.1415988,36.12538413,134415,Englestad Clubhouse (BGC),Open,"3540 Cambridge St Las Vegas, NV 89169",,Las Vegas,NV,89169,,,Nicole,Snytsheuvel,7027921388,Three Square,2019-05-28T04:00:00.000Z,2019-08-09T04:00:00.000Z,"M,T,W,TH,F,",,9:00 AM-10:00 AM,12:00 PM-1:00 PM,,,,,10,U,US,136555,,2019,Clark
-115.1558265,36.18855799,134417,Gentlemen by Choice Learning Center,Open,"1016 W Owens Ave Las Vegas, NV 89106",,Las Vegas,NV,89106,,,Antanus,Pullum,7024297259,Three Square,2019-06-04T04:00:00.000Z,2019-06-28T04:00:00.000Z,"M,T,W,TH,F,",,8:00am-9:00am,11:00am-12:00pm,,,,,10,U,US,139596,,2019,Clark
-115.1367161,36.180081,134418,Mission High School,Open,"801 N Veterans Memorial Dr Las Vegas, NV 89101",,Las Vegas,NV,89101,,,Rachel,Warren,,Three Square,2019-06-03T04:00:00.000Z,2019-06-21T04:00:00.000Z,"M,T,W,TH,F,",,,12:00pm-2:00pm,,,,,10,U,US,140269,,2019,Clark
-115.2604249,36.21718101,134419,Rainbow Library,Open,"3150 N. Buffalo Drive Las Vegas, NV 89128",,Las Vegas,NV,89128,,,Mary,Rowan,7025073726,Three Square,2019-05-28T04:00:00.000Z,2019-08-09T04:00:00.000Z,"M,T,W,TH,F,",,8:30 AM-9:30 AM,,,,,,10,U,US,25112,,2019,Clark
-115.1168244,36.24424875,134420,Rebel Academy,Open,"4650 Losee Rd North Las Vegas, NV 89030",,North Las Vegas,NV,89030,,,Melissa,Mahoney,,Three Square,2019-06-04T04:00:00.000Z,2019-07-26T04:00:00.000Z,"M,T,W,TH,F,",,7:00am-8:00am,12:00pm-1:00pm,,,,,10,U,US,25116,,2019,Clark
-115.10694,36.15873853,134421,Ridge on Charleston Apartments,Open,"3040 E Charleston Blvd. Las Vegas, NV 89104",,Las Vegas,NV,89104,,,Tammy,Morrison,7022396548,Three Square,2019-05-28T04:00:00.000Z,2019-08-09T04:00:00.000Z,"M,T,W,TH,F,",,,2:00 PM-4:00 PM,,2:30 PM-3:30 PM,,,10,U,US,137564,,2019,Clark
-115.224888,36.1113385,134423,Spring Valley Library,Open,"4280 Jones blvd Las Vegas, NV 89103",,Las Vegas,NV,89103,,,Michelle,Pagan,7028340524,Three Square,2019-05-28T04:00:00.000Z,2019-08-09T04:00:00.000Z,"S,M,T,W,TH,F,SA",,,1:00 PM-2:00 PM,,,,,10,U,US,25218,,2019,Clark
-115.1114085,36.21041451,142852,Thunderbird Apts,Open,"2725 E Evans Ave North Las Vegas, NV 89030",,North Las Vegas,NV,89030,,,Traci,Daniel,7026443663,Three Square,2019-07-15T04:00:00.000Z,2019-08-09T04:00:00.000Z,"M,T,W,TH,F,",,,4:00 PM-4:30 PM,,,,,12,N,US,152439,,2019,Clark
-119.7586206,39.54480668,139622,Ardmore Park,Open,"1200 12th ST Sparks, NV 89431",,Sparks,NV,89431,,,LYNNE,SAWRI,7757502889,"Food Bank of Northern Nevada, Inc.",2019-06-10T04:00:00.000Z,2019-08-09T04:00:00.000Z,"M,T,W,TH,F,",,,12:30 pm-1:00 pm,,4:00 pm-4:30 pm,,,11,U,US,136005,,2019,Washoe
-115.1572905,36.19569153,139623,Democracy Prep,Open,"1201 W Lake Mead Blvd Las Vegas, NV 89106",,Las Vegas,NV,89106,,,Helene,Edelstein,7022185025,Three Square,2019-06-12T04:00:00.000Z,2019-07-03T04:00:00.000Z,"M,T,W,TH,F,",,7:30 AM-8:00 AM,11:00 AM-1:00 PM,,,,,11,U,US,136438,,2019,Clark
-115.069212,36.14428953,139624,Five 89,Open,"4801 E Sahara Ave Las Vegas, NV 89104",,Las Vegas,NV,89104,,,Kristen,Alexander,7025022691,Three Square,2019-06-15T04:00:00.000Z,2019-08-03T04:00:00.000Z,SA,,,11:00 AM-12:00 PM,,,,,11,U,US,146354,,2019,Clark
-115.1417924,36.12244244,139625,Skyline Park,Open,"3675 Cambridge St Las Vegas, NV 89169",,Las Vegas,NV,89169,,,Kristen,Alexander,7025022691,Three Square,2019-06-15T04:00:00.000Z,2019-08-03T04:00:00.000Z,SA,,,12:15 PM-1:15 PM,,,,,11,U,US,147395,,2019,Clark
-119.5623815,39.2802639,145743,Calvary Chapel Dayton Valley -VBS,Open,"28 Enterprise Way Dayton, NV 89403",,Dayton,NV,89403,,,Sandy Harrison,Sandy Harrison,7752419213,Calvary Chapel Dayton Valley,2019-06-24T04:00:00.000Z,2019-06-28T04:00:00.000Z,"M,T,W,TH,F,",,,,,,6:00pm-8:00pm,,12,U,US,136204,,2019,Lyon
-119.5623815,39.2802639,145744,Calvary Chapel Dayton Valley Brk/Lun,Open,"28 Enterprise Way Dayton, NV 89403",,Dayton,NV,89403,,,Sandy Harrison,Sandy Harrison,7752419213,Calvary Chapel Dayton Valley,2019-06-16T04:00:00.000Z,2019-08-20T04:00:00.000Z,"S,",,8:30am-10:30am,11:30am-12:30pm,,,,,12,U,US,75413,,2019,Lyon
-119.5623815,39.2802639,145745,Calvary Chapel Dayton Valley Sup,Open,"28 Enterprise Way Dayton, NV 89403",,Dayton,NV,89403,,,Sandy,Harrison,7752419213,Calvary Chapel Dayton Valley,2019-06-16T04:00:00.000Z,2019-08-14T04:00:00.000Z,"W,",,,,,,6:30pm-8:00pm,,12,U,US,75414,,2019,Lyon
-119.2220874,39.41409039,145746,Penny Park,Open,"1355 Donner Trail Silver Springs, NV 89429",,Silver Springs,NV,89429,,,Sandy Harrison,Sandy Harrison,7752419213,Calvary Chapel Dayton Valley,2019-06-14T04:00:00.000Z,2019-08-20T04:00:00.000Z,"M,T,W,TH,F,",,,12:15pm-12:45pm,,,,,12,U,US,76541,,2019,Lyon
-119.3745915,39.36984749,145747,Pioneer Park,Open,"5000 Navajo Trail Stage Coach, NV 89429",,Stage Coach,NV,89429,,,Sandy Harrison,Sandy Harrison,7752419213,Calvary Chapel Dayton Valley,2019-06-14T04:00:00.000Z,2019-08-20T04:00:00.000Z,"M,T,W,TH,F,",,,11:30am-12:00pm,,,,,12,U,US,137465,,2019,Lyon
-119.7644036,39.168801,145749,Bridge Church,Open,"901 N Stewart Street Carson City, NV 89701",,Carson City,NV,89701,,,Marlene,Maffei,7758857770,Food For Thought,2019-06-17T04:00:00.000Z,2019-08-09T04:00:00.000Z,"M,T,W,TH,F,",,,11:00am-12:00pm,7:30am-8:30am,,,,12,U,US,138866,,2019,Carson City
-116.0161704,36.20431899,145750,Comstock Park,Open,"151 Comstock Cir. Pahrump, NV 89048",,Pahrump,NV,89048,,,Marion,Dove,7752535912,Nye County School District,2019-05-28T04:00:00.000Z,2019-08-02T04:00:00.000Z,"M,T,W,TH,F,",,,12:15-12:25,,,,,12,U,US,136362,,2019,Nye
-116.0053731,36.19149144,145751,Pahrump Valley High School,Open,"501 E. Calvada Blvd. Pahrump, NV 89048",,Pahrump,NV,89048,,,Kyera,Glenn,7759101889,Nye County School District,2019-06-03T04:00:00.000Z,2019-07-26T04:00:00.000Z,"M,T,W,TH,",,8:00-8:15,11:55-12:05,,,,,12,U,US,25046,,2019,Nye
-119.2904021,39.63687095,145752,Brown Building,Open,"320 Pyramid St Wadsworth, NV 89442",,Wadsworth,NV,89442,,,Bernadette,Smith,7755752774,Pyramid Lake Paiute Tribe of Nevada,2019-06-17T04:00:00.000Z,2019-08-12T04:00:00.000Z,"M,T,W,TH,F,",,,11:30-12:59,,,,,12,U,US,80938,,2019,Washoe
-119.3676561,39.82195603,145753,Pyramid Lake High School,Open,"711 State St Nixon, NV 89424",,Nixon,NV,89424,,,Janet,Davis,7755742409,Pyramid Lake Paiute Tribe of Nevada,2019-06-17T04:00:00.000Z,2019-08-09T04:00:00.000Z,"M,T,W,TH,F,",,,11:30-12:59,,,,,12,U,US,83333,,2019,Washoe
-115.0287704,36.08558752,145754,Silver Pines Apartments,Open,"6650 E Russell Rd Las Vegas, NV 89122",,Las Vegas,NV,89122,,,Veronica,Larson,7024101271,Three Square,2019-06-04T04:00:00.000Z,2019-08-08T04:00:00.000Z,"T,TH,",,8:30 AM-10:00 AM,12:00 PM-2:00 PM,,,,,12,U,US,137698,,2019,Clark
-115.065376,36.13481978,145755,The Boulevard Apartments,Open,"3050 Nellis Blvd. Las Vegas, NV 89121",,Las Vegas,NV,89121,,,Traci,Daniel,7026443663,Three Square,2019-05-28T04:00:00.000Z,2019-07-08T04:00:00.000Z,"M,T,W,TH,F,",,,3:50 PM-4:20 PM,,,,,12,U,US,123642,,2019,Clark
-115.1963022,36.17017154,145756,Bill & Lillie Heinrich YMCA,Open,"4141 Meadows Lane Las Vegas, NV 89107",,Las Vegas,NV,89107,,,Jessica,Underwood,7028779622,YMCA Of Southern Nevada,2019-05-28T04:00:00.000Z,2019-08-09T04:00:00.000Z,"M,T,W,TH,F,",,,11:30am-1:30pm,,3:00pm-4:00pm,,,12,U,US,80794,,2019,Clark
-115.2790445,36.2256573,145757,Durango Hills YMCA,Open,"3521 N Durango Drive Las Vegas, NV 89129",,Las Vegas,NV,89129,,,Amanda,Kilgore,7022409622,YMCA Of Southern Nevada,2019-05-28T04:00:00.000Z,2019-08-09T04:00:00.000Z,"M,T,W,TH,F,",,,11:30am-1:30pm,,3:00pm-4:00pm,,,12,U,US,136488,,2019,Clark
-115.1054505,36.27651745,145758,Skyview YMCA,Open,"3050 E Centennial Parkway N Las Vegas, NV 89081",,N Las Vegas,NV,89081,,,Sandria,Bolden,7025227500,YMCA Of Southern Nevada,2019-05-28T04:00:00.000Z,2019-08-09T04:00:00.000Z,"M,T,W,TH,F,",,,11:00am-1:00pm,,3:00pm-4:00pm,,,12,U,US,137709,,2019,Clark
-115.0026546,36.06323719,149301,Boyd Clubhouse (BGC),Open,"1608 Moser Dr. Henderson, NV 89011",,Henderson,NV,89011,,,Jesus,Laracuente-Nunez,7025652674,Three Square,2019-05-28T04:00:00.000Z,2019-08-08T04:00:00.000Z,"M,T,W,TH,F,",,8:00 AM-9:00 AM,12:00 PM-1:00 PM,,,,,13,U,US,136124,,2019,Clark
-114.9624716,36.04178353,149302,Kish Clubhouse (BGC),Open,"401 Drake St Henderson, NV 89015",,Henderson,NV,89015,,,Mike,Mota,7025656569,Three Square,2019-05-28T04:00:00.000Z,2019-08-08T04:00:00.000Z,"M,T,W,TH,F,",,9:00 AM-10:00 AM,12:00 PM-2:00 PM,,,,,13,U,US,136970,,2019,Clark
-114.9690555,36.05259468,149303,Salvation Army Henderson,Open,"830 E Lake Mead Pkwy Henderson, NV 89015",,Henderson,NV,89015,,,Tabitha,Santiago,7025659578,Three Square,2019-06-05T04:00:00.000Z,2019-07-31T04:00:00.000Z,"W,",,,12:00 PM-12:30 PM,,,,,13,U,US,137623,,2019,Clark
-115.311861,36.08320854,149304,Batterman ES,Open,"10135 W. Quail Ave Las Vegas, NV 89148",,Las Vegas,NV,89148,,,CCSD,FoodSvc,7027998123,Clark County School District,2019-05-28T04:00:00.000Z,2019-07-20T04:00:00.000Z,"M,T,W,Th,F",,9:30-10:00am,12:30-1:00,,,,,13,U,US,106088,,2019,Clark
-115.1417924,36.12244244,154847,Skyline Parc,Open,"3675 Cambridge St Las Vegas, NV 89169",,Las Vegas,NV,89169,,,Kristen,Alexander,7025022691,Three Square,2019-06-15T04:00:00.000Z,2019-08-03T04:00:00.000Z,SA,,,12:15 PM-1:15 PM,,,,,16,N,US,153571,,2019,Clark
-115.1503606,36.18690655,155435,New Revelation Baptist Church,Open,"615 Van Buren Ave Las Vegas, NV 89106",,Las Vegas,NV,89106,,,Adrienne,Allen Brown,7025442738,Three Square,2019-06-11T04:00:00.000Z,2019-06-27T04:00:00.000Z,"M,T,W,TH,F,",,8:30 AM-9:30 AM,5:00pm-6:30pm,,,,,16,U,US,137278,,2019,Clark
-115.0773845,36.13089455,155436,Parkdale Recreation Center - Open,Open,"3200 Ferndale St. Las Vegas, NV 89121",,Las Vegas,NV,89121,,,Kayla,Togiola,7024557517,Three Square,2019-05-28T04:00:00.000Z,2019-08-08T04:00:00.000Z,"M,T,W,TH,F,",,8:00 AM-8:30 AM,12:00 PM-1:00 PM,,,,,16,U,US,137416,,2019,Clark
-115.0470573,36.09596356,155437,Whitney Recreation Center - Open,Open,"5712 E. Missouri Las Vegas, NV 89122",,Las Vegas,NV,89122,,,Alshaun,Black,7024557576,Three Square,2019-05-28T04:00:00.000Z,2019-08-07T04:00:00.000Z,"M,T,W,TH,F,",,8:00 AM-9:00 AM,12:00 PM-1:30 PM,,,,,16,U,US,25338,,2019,Clark
-115.1653431,36.20210195,155438,100 Academy of Excellence,Open,"2341 Comstock Drive Las Vegas, NV 89032",,Las Vegas,NV,89032,,,CCSD,FoodSvc,7027998123,Clark County School District,2019-06-03T04:00:00.000Z,2019-06-28T04:00:00.000Z,"M,T,W,Th,F",,,,,,,,16,U,US,135936,,2019,Clark
-115.2343784,36.17207057,155439,Adcock ES,Open,"6350 Hyde Ave Las Vegas, NV 89107",,Las Vegas,NV,89107,,,CCSD,FoodSvc,7027998123,Clark County School District,2019-06-26T04:00:00.000Z,2019-07-25T04:00:00.000Z,"M,T,W,Th,F",,,,,,,,16,U,US,105942,,2019,Clark
-115.2579186,36.30155309,155440,Arbor View HS,Open,"7500 Whispering Sands Dr Las Vegas, NV 89131",,Las Vegas,NV,89131,,,CCSD,FoodSvc,7027998123,Clark County School District,2019-06-27T04:00:00.000Z,2019-07-23T04:00:00.000Z,"M,T,W,Th,F",,,,,,,,16,U,US,124113,,2019,Clark
-115.0266689,36.20453113,155441,Bailey MS,Open,"2500 N. Hollywood Blvd Las Vegas, NV 89156",,Las Vegas,NV,89156,,,CCSD,FoodSvc,7027998123,Clark County School District,2019-07-08T04:00:00.000Z,2019-07-19T04:00:00.000Z,"M,T,W,Th,F",,,,,,,,16,U,US,77290,,2019,Clark
-114.9631166,36.03351664,155442,Basic HS,Open,"400 Palo Verde Dr. Henderson, NV 89015",,Henderson,NV,89015,,,CCSD,FoodSvc,7027998123,Clark County School District,2019-06-03T04:00:00.000Z,2019-07-23T04:00:00.000Z,"M, T, W, TH, F",,,,,,,,16,U,US,136047,,2019,Clark
-115.165985,36.00113385,155443,Bass ES,Open,"10377 Rancho Destino Rd Las Vegas, NV 89183",,Las Vegas,NV,89183,,,CCSD,FoodSvc,7027998123,Clark County School District,2019-06-26T04:00:00.000Z,2019-07-25T04:00:00.000Z,"M,T,W,Th,F",,,,,,,,16,U,US,25737,,2019,Clark
-115.1818693,36.13989346,155444,Bell ES,Open,"2900 Wilmington Way Las Vegas, NV 89102",,Las Vegas,NV,89102,,,CCSD,FoodSvc,7027998123,Clark County School District,2019-05-28T04:00:00.000Z,2019-06-07T04:00:00.000Z,"M,T,W,Th,F",,,,,,,,16,U,US,25809,,2019,Clark
-114.625651,35.14646698,155445,Bennett ES,Open,"2750 Needles Highway Laughlin, NV 89029",,Laughlin,NV,89029,,,CCSD,FoodSvc,7027998123,Clark County School District,2019-05-28T04:00:00.000Z,2019-07-23T04:00:00.000Z,"M,T,W,Th,F",,,,,,,,16,U,US,25838,,2019,Clark
-115.1608435,36.2002648,155446,Booker ES,Open,"2277 N. MLK Blvd. Las Vegas, NV 89106",,Las Vegas,NV,89106,,,CCSD,FoodSvc,7027998123,Clark County School District,2019-06-26T04:00:00.000Z,2019-07-25T04:00:00.000Z,"M,T,W,Th,F",,,,,,,,16,U,US,136111,,2019,Clark
-114.1335818,36.76951152,155447,"Bowler, J ES",Open,"451 Vincen Leavitt Ave Bunkerville, NV 89007",,Bunkerville,NV,89007,,,CCSD,FoodSvc,7027998123,Clark County School District,2019-05-28T04:00:00.000Z,2019-06-21T04:00:00.000Z,"M,T,W,Th,F",,,,,,,,16,U,US,136120,,2019,Clark
-115.113114,36.18418103,155448,Bracken ES,Open,"1200 N. 27th St Las Vegas, NV 89101",,Las Vegas,NV,89101,,,CCSD,FoodSvc,7027998123,Clark County School District,2019-05-28T04:00:00.000Z,2019-05-31T04:00:00.000Z,"T,W,Th,F",,,,,,,,16,U,US,26096,,2019,Clark
-115.0366617,36.1813805,155449,Brookman ES,Open,"6225 E. Washington Ave Las Vegas, NV 89110",,Las Vegas,NV,89110,,,CCSD,FoodSvc,7027998123,Clark County School District,2019-06-26T04:00:00.000Z,2019-07-25T04:00:00.000Z,"M,T,W,Th,F",,,,,,,,16,U,US,114282,,2019,Clark
-115.2319666,36.21030743,155450,Bunker ES,Open,"6350 Peak Drive Las Vegas, NV 89108",,Las Vegas,NV,89108,,,CCSD,FoodSvc,7027998123,Clark County School District,2019-06-26T04:00:00.000Z,2019-07-25T04:00:00.000Z,"M,T,W,Th,F",,,,,,,,16,U,US,136187,,2019,Clark
-114.9961071,36.03177328,155637,Burkholder MS,Open,"355 W. Van Wagenen Henderson, NV 89105",,Henderson,NV,89105,,,CCSD,FoodSvc,7027998123,Clark County School District,2019-06-03T04:00:00.000Z,2019-06-21T04:00:00.000Z,"M,T,W,Th,F",,,,,,,,16,U,US,136188,,2019,Clark
-115.0918423,36.17713465,155638,Cambeiro ES,Open,"3851 E. Harris Ave Las Vegas, NV 89101",,Las Vegas,NV,89101,,,CCSD,FoodSvc,7027998123,Clark County School District,2019-06-10T04:00:00.000Z,2019-07-03T04:00:00.000Z,"M,T,W,Th,F",,,,,,,,16,U,US,136206,,2019,Clark
-115.1165165,36.08604234,155639,Cannon MS,Open,"5850 Euclid Ave Las Vegas, NV 89120",,Las Vegas,NV,89120,,,CCSD,FoodSvc,7027998123,Clark County School District,2019-07-15T04:00:00.000Z,2019-07-25T04:00:00.000Z,"M,T,W,Th",,,,,,,,16,U,US,136230,,2019,Clark
-115.135309,36.23228747,155640,Canyon Springs HS,Open,"350 E. Alexander Rd North Las Vegas, NV 89032",,North Las Vegas,NV,89032,,,CCSD,FoodSvc,7027998123,Clark County School District,2019-05-30T04:00:00.000Z,2019-06-21T04:00:00.000Z,"M,T,W,Th,F",,,,,,,,16,U,US,26311,,2019,Clark
-115.2044315,36.13002947,155641,Cashman MS,Open,"4622 W, Desert Inn Road Las Vegas, NV 89102",,Las Vegas,NV,89102,,,CCSD,FoodSvc,7027998123,Clark County School District,2019-05-28T04:00:00.000Z,2019-06-07T04:00:00.000Z,"M,T,W,Th,F",,,,,,,,16,U,US,136248,,2019,Clark
-115.2514429,36.20161504,155642,Cimarron HS,Open,"2301 N. Tenaya Way Las Vegas, NV 89128",,Las Vegas,NV,89128,,,CCSD,FoodSvc,7027998123,Clark County School District,2019-06-03T04:00:00.000Z,2019-08-09T04:00:00.000Z,"M,T,W,Th,F",,,,,,,,16,U,US,136300,,2019,Clark
-115.0568631,36.08374753,155643,Cowan Academic Center,Open,"5300 E. Russell Rd Las Vegas, NV 89122",,Las Vegas,NV,89122,,,CCSD,FoodSvc,7027998123,Clark County School District,2019-06-03T04:00:00.000Z,2019-07-03T04:00:00.000Z,"M,T,W,Th,F",,,,,,,,16,U,US,114551,,2019,Clark
-115.175434,36.25701012,155644,Cozine ES,Open,"5335 Coleman St North Las Vegas, NV 89031",,North Las Vegas,NV,89031,,,CCSD,FoodSvc,7027998123,Clark County School District,2019-06-26T04:00:00.000Z,2019-07-25T04:00:00.000Z,"M,T,W,Th,F",,,,,,,,16,U,US,106626,,2019,Clark
-115.1133515,36.22496851,155645,Craig ES,Open,"2637 E. Gowan Rd North Las Vegas, NV 89030",,North Las Vegas,NV,89030,,,CCSD,FoodSvc,7027998123,Clark County School District,2019-05-28T04:00:00.000Z,2019-06-07T04:00:00.000Z,"M,T,W,Th,F",,,,,,,,16,U,US,93067,,2019,Clark
-115.0514429,36.11382547,155646,Cunningham ES,Open,"4145 Jimmy Durante Blvd Las Vegas, NV 89122",,Las Vegas,NV,89122,,,CCSD,FoodSvc,7027998123,Clark County School District,2019-05-28T04:00:00.000Z,2019-07-25T04:00:00.000Z,"M,T,W,Th,F",,,,,,,,16,U,US,26907,,2019,Clark
-115.0795932,36.13420702,155647,Dearing ES,Open,"3046 Ferndale St Las Vegas, NV 89121",,Las Vegas,NV,89121,,,CCSD,FoodSvc,7027998123,Clark County School District,2019-06-03T04:00:00.000Z,2019-06-20T04:00:00.000Z,"M,T,W,Th",,,,,,,,16,U,US,106701,,2019,Clark
-115.3021282,36.27001853,155648,Darnell,Open,"9480 W. Tropical Pkwy Las Vegas, NV 89149",,Las Vegas,NV,89149,,,CCSD,FoodSvc,7027998123,Clark County School District,2019-05-28T04:00:00.000Z,2019-07-25T04:00:00.000Z,"M,T,W,Th,F",,,,,,,,16,U,US,142728,,2019,Clark
-115.2772481,36.15051568,155649,Derfelt ES,Open,"1900 S. Lisa Ln Las Vegas, NV 89117",,Las Vegas,NV,89117,,,CCSD,FoodSvc,7027998123,Clark County School District,2019-05-28T04:00:00.000Z,2019-05-31T04:00:00.000Z,"T,W,Th, F",,,,,,,,16,U,US,27037,,2019,Clark
-115.0920207,36.17722848,155650,Desert Pines HS,Open,"3800 Harris Ave Las Vegas, NV 89110",,Las Vegas,NV,89110,,,CCSD,FoodSvc,7027998123,Clark County School District,2019-05-28T04:00:00.000Z,2019-07-23T04:00:00.000Z,"M,T,W,Th,F",,,,,,,,16,U,US,136441,,2019,Clark
-115.255797,36.24251706,155651,Deskin ES,Open,"4550 W. Pioneer Way Las Vegas, NV 89129",,Las Vegas,NV,89129,,,CCSD,FoodSvc,7027998123,Clark County School District,2019-06-26T04:00:00.000Z,2019-07-25T04:00:00.000Z,"M,T,W,Th,F",,,,,,,,16,U,US,27042,,2019,Clark
-115.24876,36.11214038,155652,"Diskin, P ES",Open,"4220 Ravenwood Drive Las Vegas, NV 89147",,Las Vegas,NV,89147,,,CCSD,FoodSvc,7027998123,Clark County School District,2019-05-29T04:00:00.000Z,2019-06-07T04:00:00.000Z,"M,T,W,Th,F",,,,,,,,16,U,US,136447,,2019,Clark
-114.9363987,36.00736056,155653,Dooley ES,Open,"1940 Chicksaw Drive Henderson, NV 89002",,Henderson,NV,89002,,,CCSD,FoodSvc,7027998123,Clark County School District,2019-05-28T04:00:00.000Z,2019-07-19T04:00:00.000Z,"M,T,W,Th,F",,,,,,,,16,U,US,149984,,2019,Clark
-115.2294245,36.10808211,155654,Dondero ES,Open,"4450 S. Ridgeville Street Las Vegas, NV 89103",,Las Vegas,NV,89103,,,CCSD,FoodSvc,7027998123,Clark County School District,2019-06-26T04:00:00.000Z,2019-07-25T04:00:00.000Z,"M,T,W,Th,F",,,,,,,,16,U,US,136458,,2019,Clark
-115.1435783,36.28020889,155655,Duncan ES,Open,"250 W. Rome Blvd Las Vegas, NV 89084",,Las Vegas,NV,89084,,,CCSD,FoodSvc,7027998123,Clark County School District,2019-05-28T04:00:00.000Z,2019-06-14T04:00:00.000Z,"M,T,W,Th,F",,,,,,,,16,U,US,136484,,2019,Clark
-115.2462195,36.08699346,155656,Durango HS,Open,"7100 W. Dewey Drive Las Vegas, NV 89113",,Las Vegas,NV,89113,,,CCSD,FoodSvc,7027998123,Clark County School District,2019-06-03T04:00:00.000Z,2019-07-23T04:00:00.000Z,"M,T,W,Th,F",,,,,,,,16,U,US,136489,,2019,Clark
-115.299909,36.06280952,155657,Faiss MS,Open,"9525 W. Maule Ave Las Vegas, NV 89148",,Las Vegas,NV,89148,,,CCSD,FoodSvc,7027998123,Clark County School District,2019-05-28T04:00:00.000Z,2019-07-26T04:00:00.000Z,"M,T,W,Th,F",,,,,,,,16,U,US,106963,,2019,Clark
-115.0736365,36.11329751,155658,Ferron ES,Open,"4200 Mountain Vista St Las Vegas, NV 89121",,Las Vegas,NV,89121,,,CCSD,FoodSvc,7027998123,Clark County School District,2019-05-28T04:00:00.000Z,2019-07-25T04:00:00.000Z,"M,T,W,Th,F",,,,,,,,16,U,US,78090,,2019,Clark
-115.306966,36.03087836,155659,Forbuss ES,Open,"8601 S. Grand Canyon Drive Las Vegas, NV 89178",,Las Vegas,NV,89178,,,CCSD,FoodSvc,7027998123,Clark County School District,2019-06-26T04:00:00.000Z,2019-07-25T04:00:00.000Z,"M,T,W,Th,F",,,,,,,,16,U,US,136635,,2019,Clark
-114.9633625,36.00443796,155660,Foothill HS,Open,"800 College Drive Henderson, NV 89002",,Henderson,NV,89002,,,CCSD,FoodSvc,7027998123,Clark County School District,2019-07-22T04:00:00.000Z,2019-08-02T04:00:00.000Z,"M,T,W,Th,F",,,,,,,,16,U,US,143035,,2019,Clark
-115.1043879,36.09338656,155661,French ES,Open,"3235 E. Hacienda Ave Las Vegas, NV 89120",,Las Vegas,NV,89120,,,CCSD,FoodSvc,7027998123,Clark County School District,2019-05-28T04:00:00.000Z,2019-07-19T04:00:00.000Z,"M,T,W,Th,F",,,,,,,,16,U,US,136659,,2019,Clark
-114.981048,36.00738055,155662,Galloway ES,Open,"701 Shyline Rd Hendseron, NV 89002",,Hendseron,NV,89002,,,CCSD,FoodSvc,7027998123,Clark County School District,2019-06-26T04:00:00.000Z,2019-07-25T04:00:00.000Z,"M,T,W,Th,F",,,,,,,,16,U,US,136673,,2019,Clark
-115.2330755,36.16967705,155663,Garside MS,Open,"300 S. Torry Pines Dr Las Vegas, NV 89107",,Las Vegas,NV,89107,,,CCSD,FoodSvc,7027998123,Clark County School District,2019-05-28T04:00:00.000Z,2019-06-06T04:00:00.000Z,"M,T,W,Th,F",,,,,,,,16,U,US,86185,,2019,Clark
-115.0737599,36.04747634,155664,"Gibson, J. ES",Open,"271 Leisure Circle Henderson, NV 89074",,Henderson,NV,89074,,,CCSD,FoodSvc,7027998123,Clark County School District,2019-07-01T04:00:00.000Z,2019-08-02T04:00:00.000Z,"M,T,W,Th,F",,,,,,,,16,U,US,143137,,2019,Clark
-115.1870844,36.28046559,155665,Goynes ES,Open,"3409 Deer Springs Way North Las Vegas, NV 89084",,North Las Vegas,NV,89084,,,CCSD,FoodSvc,7027998123,Clark County School District,2019-06-26T04:00:00.000Z,2019-07-25T04:00:00.000Z,"M,T,W,Th,F",,,,,,,,16,U,US,143181,,2019,Clark
-115.0670868,36.03519752,155666,Greenspun MS,Open,"140 N. Valle Verde Dr Henderson, NV 89074",,Henderson,NV,89074,,,CCSD,FoodSvc,7027998123,Clark County School District,2019-05-28T04:00:00.000Z,2019-08-02T04:00:00.000Z,"M,T,W,Th,F",,,,,,,,16,U,US,107212,,2019,Clark
-115.0918445,36.12366808,155667,Harris ES,Open,"3620 S. Sandhill Rd Las Vegas, NV 89121",,Las Vegas,NV,89121,,,CCSD,FoodSvc,7027998123,Clark County School District,2019-05-28T04:00:00.000Z,2019-06-14T04:00:00.000Z,"M,T,W,Th,F",,,,,,,,16,U,US,78360,,2019,Clark
-115.0311517,36.20195153,155668,Herr ES,Open,"6475 Eagle Creek Lane Las Vegas, NV 89156",,Las Vegas,NV,89156,,,CCSD,FoodSvc,7027998123,Clark County School District,2019-05-28T04:00:00.000Z,2019-06-13T04:00:00.000Z,"M,T,W,Th",,,,,,,,16,U,US,136813,,2019,Clark
-115.1244398,36.1645495,155669,Hollingsworth ES,Open,"1776 E. Ogden Ave Las Vegas, NV 89101",,Las Vegas,NV,89101,,,CCSD,FoodSvc,7027998123,Clark County School District,2019-05-28T04:00:00.000Z,2019-06-21T04:00:00.000Z,"M,T,W,Th,F",,,,,,,,16,U,US,28192,,2019,Clark
-114.0842895,36.79666955,155670,Hughes MS,Open,"550 Hafen Lane Mesquite, NV 89027",,Mesquite,NV,89027,,,CCSD,FoodSvc,7027998123,Clark County School District,2019-06-26T04:00:00.000Z,2019-07-25T04:00:00.000Z,"M,T,W,Th,F",,,,,,,,16,U,US,78471,,2019,Clark
-115.6755113,36.57479111,155671,Indian Springs HS,Open,"400 Sky Rd Indian Springs, NV 89018",,Indian Springs,NV,89018,,,CCSD,FoodSvc,7027998123,Clark County School District,2019-06-10T04:00:00.000Z,2019-07-23T04:00:00.000Z,"M,T,W,Th,F",,,,,,,,16,U,US,143443,,2019,Clark
-115.1293989,36.15168049,155672,Innovations International Charter ES (Oakey),Open,"1600 E. Oakey Blvd Las Vegas, NV 89104",,Las Vegas,NV,89104,,,CCSD,FoodSvc,7027998123,Clark County School District,2019-06-03T04:00:00.000Z,2019-06-28T04:00:00.000Z,"M,T,W,Th,F",,,,,,,,16,U,US,107448,,2019,Clark
-115.1414402,36.14421346,155673,Innovations International Charter School of Nevada (Sahara),Open,"950 E. Sahara Ave Las Vegas, NV 89104",,Las Vegas,NV,89104,,,CCSD,FoodSvc,7027998123,Clark County School District,2019-06-03T04:00:00.000Z,2019-06-28T04:00:00.000Z,"M,T,W,Th,F",,,,,,,,16,U,US,107449,,2019,Clark
-115.1215131,36.26703992,155674,Johnston MS,Open,"5855 N. Lawrence St North Las Vegas, NV 89081",,North Las Vegas,NV,89081,,,CCSD,FoodSvc,7027998123,Clark County School District,2019-05-28T04:00:00.000Z,2019-06-20T04:00:00.000Z,"M,T,W,Th",,,,,,,,16,U,US,107516,,2019,Clark
-115.0554386,36.17045454,155675,Keller ES,Open,"5445 Cedar Ave Las Vegas, NV 89110",,Las Vegas,NV,89110,,,CCSD,FoodSvc,7027998123,Clark County School District,2019-05-28T04:00:00.000Z,2019-06-13T04:00:00.000Z,"M,T,W,Th,F",,,,,,,,16,U,US,143538,,2019,Clark
-115.1562675,36.19217695,155676,Kelly ES,Open,"1900 N. J St Las Vegas, NV 89106",,Las Vegas,NV,89106,,,CCSD,FoodSvc,7027998123,Clark County School District,2019-05-28T04:00:00.000Z,2019-06-21T04:00:00.000Z,"M,T,W,Th",,,,,,,,16,U,US,115294,,2019,Clark
-115.0289685,36.14452051,155677,Las Vegas HS,Open,"6500 E. Sahara Ave Las Vegas, NV 89142",,Las Vegas,NV,89142,,,CCSD,FoodSvc,7027998123,Clark County School District,2019-06-03T04:00:00.000Z,2019-07-30T04:00:00.000Z,"M,T,Th,F",,,,,,,,16,U,US,28815,,2019,Clark
-115.1440911,36.2838565,155678,Legacy HS,Open,"150 W. Deer Springs Way North Las Vegas, NV 89084",,North Las Vegas,NV,89084,,,CCSD,FoodSvc,7027998123,Clark County School District,2019-06-26T04:00:00.000Z,2019-07-23T04:00:00.000Z,"M,T,W,Th,F",,,,,,,,16,U,US,137012,,2019,Clark
-115.087693,36.1500852,155679,Long ES,Open,"2000 S. Walnut Rd Las Vegas, NV 89104",,Las Vegas,NV,89104,,,CCSD,FoodSvc,7027998123,Clark County School District,2019-05-28T04:00:00.000Z,2019-06-14T04:00:00.000Z,"M,T,W,Th,F",,,,,,,,16,U,US,29014,,2019,Clark
-115.0666773,36.23767082,155680,Lowman ES,Open,"4225 N. Lamont St Las Vegas, NV 89115",,Las Vegas,NV,89115,,,CCSD,FoodSvc,7027998123,Clark County School District,2019-05-28T04:00:00.000Z,2019-06-07T04:00:00.000Z,"M,T,W,Th,F",,,,,,,,16,U,US,29049,,2019,Clark
-115.0676224,36.1923915,155681,Lynch ES,Open,"4850 Kell Lane Las Vegas, NV 89115",,Las Vegas,NV,89115,,,CCSD,FoodSvc,7027998123,Clark County School District,2019-05-28T04:00:00.000Z,2019-06-07T04:00:00.000Z,"M,T,W,Th,F",,,,,,,,16,U,US,137081,,2019,Clark
-114.4470357,36.54127817,155682,Lyon MS,Open,"179 S. Andersen Overton, NV 89040",,Overton,NV,89040,,,CCSD,FoodSvc,7027998123,Clark County School District,2019-06-26T04:00:00.000Z,2019-07-23T04:00:00.000Z,"M,T,W,Th,F",,,,,,,,16,U,US,137083,,2019,Clark
-115.080822,36.14067548,155683,"Mack, Jerome MS",Open,"4250 E. Karen Ave Las Vegas, NV 89121",,Las Vegas,NV,89121,,,CCSD,FoodSvc,7027998123,Clark County School District,2019-06-03T04:00:00.000Z,2019-06-21T04:00:00.000Z,"M,T,W,Th,F",,,,,,,,16,U,US,107819,,2019,Clark
-115.066556,36.23889911,155684,Manch ES,Open,"4351 N. Lamont St Las Vegas, NV 89115",,Las Vegas,NV,89115,,,CCSD,FoodSvc,7027998123,Clark County School District,2019-06-26T04:00:00.000Z,2019-07-25T04:00:00.000Z,"M,T,W,Th,F",,,,,,,,16,U,US,29133,,2019,Clark
-115.1349587,36.19947447,155685,Martinez ES,Open,"350 E. Judson Ave North Las Vegas, NV 89030",,North Las Vegas,NV,89030,,,CCSD,FoodSvc,7027998123,Clark County School District,2019-06-26T04:00:00.000Z,2019-07-25T04:00:00.000Z,"M,T,W,Th,F",,,,,,,,16,U,US,107882,,2019,Clark
-115.0756447,36.19202501,155686,Marzano Academy at Heard,Open,"4497 Kell Lane Las Vegas, NV 89115",,Las Vegas,NV,89115,,,CCSD,FoodSvc,7027998123,Clark County School District,2019-05-28T04:00:00.000Z,2019-06-20T04:00:00.000Z,"T,W,Th",,,,,,,,16,U,US,137123,,2019,Clark
-115.2330472,36.25455539,155687,May ES,Open,"6350 W. Washburn Road Las Vegas, NV 89130",,Las Vegas,NV,89130,,,CCSD,FoodSvc,7027998123,Clark County School District,2019-05-28T04:00:00.000Z,2019-07-19T04:00:00.000Z,"M,T,W,Th,F",,,,,,,,16,U,US,137128,,2019,Clark
-115.1307961,36.20322646,155688,McCall ES,Open,"800 E. Carey Ave North Las Vegas, NV 89030",,North Las Vegas,NV,89030,,,CCSD,FoodSvc,7027998123,Clark County School District,2019-06-03T04:00:00.000Z,2019-06-21T04:00:00.000Z,"M,T,W,Th,F",,,,,,,,16,U,US,29292,,2019,Clark
-114.980139,36.0285404,155689,McCaw ES,Open,"330 Tin Street Henderson, NV 89015",,Henderson,NV,89015,,,CCSD,FoodSvc,7027998123,Clark County School District,2019-05-28T04:00:00.000Z,2019-07-12T04:00:00.000Z,"M,T,W,Th,F",,,,,,,,16,U,US,37263,,2019,Clark
-115.1393059,36.25682344,155690,Mojave HS,Open,"5302 Goldfield St North Las Vegas, NV 89031",,North Las Vegas,NV,89031,,,CCSD,FoodSvc,7027998123,Clark County School District,2019-05-28T04:00:00.000Z,2019-06-21T04:00:00.000Z,"M,T,W,Th,F",,,,,,,,16,U,US,29490,,2019,Clark
-115.0664849,36.194229,155691,Monaco MS,Open,"1870 N. Lamont St Las Vegas, NV 89115",,Las Vegas,NV,89115,,,CCSD,FoodSvc,7027998123,Clark County School District,2019-05-28T04:00:00.000Z,2019-06-14T04:00:00.000Z,"M.T,W,Th,F",,,,,,,,16,U,US,108042,,2019,Clark
-115.3199134,36.13615866,155692,Ober ES,Open,"3035 Desert Marigold Lane Las Vegas, NV 89135",,Las Vegas,NV,89135,,,CCSD,FoodSvc,7027998123,Clark County School District,2019-06-10T04:00:00.000Z,2019-07-25T04:00:00.000Z,"M.T,W,Th,F",,,,,,,,16,U,US,137367,,2019,Clark
-115.3313351,36.17057455,155693,Palo Verde HS,Open,"333 S, Pavillion Center Dive Las Vegas, NV 89144",,Las Vegas,NV,89144,,,CCSD,FoodSvc,7027998123,Clark County School District,2019-06-26T04:00:00.000Z,2019-07-23T04:00:00.000Z,"M.T,W,Th,F",,,,,,,,16,U,US,137406,,2019,Clark
-115.1436795,36.11196652,155694,Paradise ES,Open,"900 Cottage Grove Ave Las Vegas, NV 89119",,Las Vegas,NV,89119,,,CCSD,FoodSvc,7027998123,Clark County School District,2019-06-03T04:00:00.000Z,2019-06-21T04:00:00.000Z,"M,T,W,Th,F",,,,,,,,16,U,US,108310,,2019,Clark
-115.15472,36.19574151,155695,Rainbow Dreams,Open,"950 W. Lake Mead Blvd Las Vegas, NV 89106",,Las Vegas,NV,89106,,,CCSD,FoodSvc,7027998123,Clark County School District,2019-06-17T04:00:00.000Z,2019-08-09T04:00:00.000Z,"M,T,W.Th,F",,,,,,,,16,U,US,144488,,2019,Clark
-115.1230806,36.18478901,155696,Rancho HS,Open,"1900 Searles Ave Las Vegas, NV 89101",,Las Vegas,NV,89101,,,CCSD,FoodSvc,7027998123,Clark County School District,2019-06-03T04:00:00.000Z,2019-07-23T04:00:00.000Z,"M,T,W,Th,F",,,,,,,,16,U,US,30361,,2019,Clark
-115.2177352,36.16731049,155697,Red Rock ES,Open,"408 Upland Blvd Las Vegas, NV 89107",,Las Vegas,NV,89107,,,CCSD,FoodSvc,7027998123,Clark County School District,2019-06-10T04:00:00.000Z,2019-07-25T04:00:00.000Z,"M,T,W,Th,F",,,,,,,,16,U,US,30410,,2019,Clark
-115.219545,36.20552787,155698,Reed ES,Open,"2501 Winwood St Las Vegas, NV 89108",,Las Vegas,NV,89108,,,CCSD,FoodSvc,7027998123,Clark County School District,2019-06-10T04:00:00.000Z,2019-07-25T04:00:00.000Z,"M,T,W,Th,F",,,,,,,,16,U,US,108515,,2019,Clark
-115.1015144,36.18288097,155699,Ronnow ES,Open,"1100 Lena St Las Vegas, NV 89101",,Las Vegas,NV,89101,,,CCSD,FoodSvc,7027998123,Clark County School District,2019-06-26T04:00:00.000Z,2019-07-25T04:00:00.000Z,"M,T,W,Th,F",,,,,,,,16,U,US,30563,,2019,Clark
-115.1260075,36.1100857,155700,Rowe ES,Open,"4338 S. Bruce St Las Vegas, NV 89119",,Las Vegas,NV,89119,,,CCSD,FoodSvc,7027998123,Clark County School District,2019-06-26T04:00:00.000Z,2019-07-25T04:00:00.000Z,"M,T,W,Th,F",,,,,,,,16,U,US,108626,,2019,Clark
-115.6104495,35.81280451,155701,Sandy Valley,Open,"1420 E. Pearl Ave Sandy Valley, NV 89019",,Sandy Valley,NV,89019,,,CCSD,FoodSvc,7027998123,Clark County School District,2019-05-28T04:00:00.000Z,2019-06-27T04:00:00.000Z,"M,T,W,Th",,,,,,,,16,U,US,60047,,2019,Clark
-115.3006164,36.32130029,155702,Scherkenbach ES,Open,"9371 Iron Mountain Road Las Vegas, NV 89143",,Las Vegas,NV,89143,,,CCSD,FoodSvc,7027998123,Clark County School District,2019-05-29T04:00:00.000Z,2019-07-25T04:00:00.000Z,"M,T,W,Th,F",,,,,,,,16,U,US,137637,,2019,Clark
-115.127325,36.03195819,155703,Schofield MS,Open,"8625 Spencer Street Las Vegas, NV 89123",,Las Vegas,NV,89123,,,CCSD,FoodSvc,7027998123,Clark County School District,2019-07-30T04:00:00.000Z,2019-08-02T04:00:00.000Z,"T,W,Th,F",,,,,,,,16,U,US,137638,,2019,Clark
-115.209252,36.3170155,155704,Shadow Ridge HS,Open,"5050 Brent Lane Las Vegas, NV 89131",,Las Vegas,NV,89131,,,CCSD,FoodSvc,7027998123,Clark County School District,2019-06-26T04:00:00.000Z,2019-07-23T04:00:00.000Z,"M,T,W,Th,F",,,,,,,,16,U,US,137668,,2019,Clark
-115.1296791,36.02244352,155705,Silverado HS,Open,"1650 Silver Hawk Ave Las Vegas, NV 89123",,Las Vegas,NV,89123,,,CCSD,FoodSvc,7027998123,Clark County School District,2019-06-26T04:00:00.000Z,2019-07-23T04:00:00.000Z,"M,T,W,Th,F",,,,,,,,16,U,US,137699,,2019,Clark
-115.1394021,36.01323549,155706,Silvestri MS,Open,"1055 Silverado Ranch Blvd Las Vegas, NV 89183",,Las Vegas,NV,89183,,,CCSD,FoodSvc,7027998123,Clark County School District,2019-05-28T04:00:00.000Z,2019-07-26T04:00:00.000Z,"M,T,W,Th,F",,,,,,,,16,U,US,30875,,2019,Clark
-115.0628609,36.12965648,155707,"Smith, Hal ES",Open,"5150 E. Desert Inn Rd Las Vegas, NV 89122",,Las Vegas,NV,89122,,,CCSD,FoodSvc,7027998123,Clark County School District,2019-05-28T04:00:00.000Z,2019-06-28T04:00:00.000Z,"M,T,W,Th,F",,,,,,,,16,U,US,30896,,2019,Clark
-115.1256917,36.19206548,155708,Squires ES,Open,"1213 E, Tonopah Ave Las Vegas, NV 89030",,Las Vegas,NV,89030,,,CCSD,FoodSvc,7027998123,Clark County School District,2019-06-26T04:00:00.000Z,2019-07-25T04:00:00.000Z,"M,T,W,Th,F",,,,,,,,16,U,US,137766,,2019,Clark
-114.9621371,36.08462104,155709,Stevens ES,Open,"550 Dave Wood Cir Henderson, NV 89011",,Henderson,NV,89011,,,CCSD,FoodSvc,7027998123,Clark County School District,2019-05-29T04:00:00.000Z,2019-07-25T04:00:00.000Z,"M,T,W,Th,F",,,,,,,,16,U,US,108924,,2019,Clark
-115.057432,36.1778145,155710,Stanford ES,Open,"5350 Harris Ave Las Vegas, NV 89110",,Las Vegas,NV,89110,,,CCSD,FoodSvc,7027998123,Clark County School District,2019-06-26T04:00:00.000Z,2019-07-25T04:00:00.000Z,"M,T,W,Th,F",,,,,,,,16,U,US,137831,,2019,Clark
-115.111604,36.16472094,155711,Sunrise Acres ES,Open,"211 28th Street Las Vegas, NV 89101",,Las Vegas,NV,89101,,,CCSD,FoodSvc,7027998123,Clark County School District,2019-05-28T04:00:00.000Z,2019-07-25T04:00:00.000Z,"M,T,W,Th,F",,,,,,,,16,U,US,31257,,2019,Clark
-115.1064298,36.26907048,155712,Tartan ES,Open,"3030 E. Tropical Parkway Las Vegas, NV 89081",,Las Vegas,NV,89081,,,CCSD,FoodSvc,7027998123,Clark County School District,2019-05-28T04:00:00.000Z,2019-07-25T04:00:00.000Z,"M,T,W,Th,F",,,,,,,,16,U,US,137903,,2019,Clark
-114.9703881,36.03752195,155713,Taylor ES,Open,"144 Westminster Way Henderson, NV 89015",,Henderson,NV,89015,,,CCSD,FoodSvc,7027998123,Clark County School District,2019-05-28T04:00:00.000Z,2019-07-19T04:00:00.000Z,"M,T,W,Th,F",,,,,,,,16,U,US,31309,,2019,Clark
-115.1231624,36.1377204,155714,Valley HS,Open,"2839 S. Burnham Ave Las Vegas, NV 89169",,Las Vegas,NV,89169,,,CCSD,FoodSvc,7027998123,Clark County School District,2019-05-29T04:00:00.000Z,2019-07-23T04:00:00.000Z,"M,T,W,Th,F",,,,,,,,16,U,US,138006,,2019,Clark
-114.0787176,36.807147,155715,Virgin Valley ES,Open,"200 Woodbury Lane Mesquite, NV 89027",,Mesquite,NV,89027,,,CCSD,FoodSvc,7027998123,Clark County School District,2019-05-28T04:00:00.000Z,2019-06-21T04:00:00.000Z,"M,T,W,Th,F",,,,,,,,16,U,US,31686,,2019,Clark
-115.1310908,36.09355851,155716,Ward G. ES,Open,"1555 E. Hacienda Ave Las Vegas, NV 89119",,Las Vegas,NV,89119,,,CCSD,FoodSvc,7027998123,Clark County School District,2019-06-26T04:00:00.000Z,2019-07-25T04:00:00.000Z,"M,T,W,Th,F",,,,,,,,16,U,US,94187,,2019,Clark
-115.0575516,36.14926121,155717,Wengert ES,Open,"2001 Winterwood Blvd Las Vegas, NV 89142",,Las Vegas,NV,89142,,,CCSD,FoodSvc,7027998123,Clark County School District,2019-06-26T04:00:00.000Z,2019-07-25T04:00:00.000Z,M.T.W.T.F,,,,,,,,16,U,US,31812,,2019,Clark
-115.1696715,36.19287449,155718,West Prep ES,Open,"2050 Saphire Stone Ave Las Vegas, NV 89106",,Las Vegas,NV,89106,,,CCSD,FoodSvc,7027998123,Clark County School District,2019-05-28T04:00:00.000Z,2019-07-12T04:00:00.000Z,"M,T,W,TH,F",,,,,,,,16,U,US,31852,,2019,Clark
-115.1696715,36.19287449,155719,West Prep Sec,Open,"2050 Sapphire Stone Ave Las Vegas, NV 89106",,Las Vegas,NV,89106,,,CCSD,FoodSvc,7027998123,Clark County School District,2019-05-28T04:00:00.000Z,2019-07-12T04:00:00.000Z,"M,T,W,Th,F",,,,,,,,16,U,US,109327,,2019,Clark
-115.2018906,36.17733154,155720,Western HS,Open,"4601 W. Bonanza Rd Las Vegas, NV 89107",,Las Vegas,NV,89107,,,CCSD,FoodSvc,7027998123,Clark County School District,2019-06-03T04:00:00.000Z,2019-07-23T04:00:00.000Z,"M,T,W,Th,F",,,,,,,,16,U,US,31871,,2019,Clark
-115.0586355,36.07816077,155721,White MS,Open,"1661 W. Galleria Dr Henderson, NV 89014",,Henderson,NV,89014,,,CCSD,FoodSvc,7027998123,Clark County School District,2019-05-28T04:00:00.000Z,2019-07-19T04:00:00.000Z,"M,T,W,Th,F",,,,,,,,16,U,US,84326,,2019,Clark
-115.0446657,36.09908045,155722,Whitney ES,Open,"5005 Keenan Ave Las Vegas, NV 89122",,Las Vegas,NV,89122,,,CCSD,FoodSvc,7027998123,Clark County School District,2019-05-28T04:00:00.000Z,2019-06-07T04:00:00.000Z,"M,T,W,Th,F",,,,,,,,16,U,US,25334,,2019,Clark
-115.156185,36.18270867,155723,"Williams, WP ES",Open,"1030 J Street Las Vegas, NV 89106",,Las Vegas,NV,89106,,,CCSD,FoodSvc,7027998123,Clark County School District,2019-05-28T04:00:00.000Z,2019-06-07T04:00:00.000Z,"M,T,W,Th,F",,,,,,,,16,U,US,31960,,2019,Clark
-115.194852,36.25411647,155724,"Wolfe, Eva ES",Open,"4027 W. Washburn Rd North Las Vegas, NV 89031",,North Las Vegas,NV,89031,,,CCSD,FoodSvc,7027998123,Clark County School District,2019-05-28T04:00:00.000Z,2019-07-25T04:00:00.000Z,"M,T,W,Th,F",,,,,,,,16,U,US,80218,,2019,Clark
-115.0941093,36.23161778,155725,Woolley ES,Open,"3955 Timberlake Dr Las Vegas, NV 89115",,Las Vegas,NV,89115,,,CCSD,FoodSvc,7027998123,Clark County School District,2019-05-28T04:00:00.000Z,2019-06-07T04:00:00.000Z,"M,T,W,Th,F",,,,,,,,16,U,US,138126,,2019,Clark
-115.2758204,36.01479255,155726,Wright ES,Open,"8425 Bob Fisk Ave Las Vegas, NV 89178",,Las Vegas,NV,89178,,,CCSD,FoodSvc,7027998123,Clark County School District,2019-06-26T04:00:00.000Z,2019-07-25T04:00:00.000Z,"M,T,W,Th,F",,,,,,,,16,U,US,138135,,2019,Clark
-116.0967022,41.94306231,155727,Owyhee ES,Open,"100 Academic Way Owyhee, NV 89832",,Owyhee,NV,89832,,,Laurie,Pusley,7757381456,Elko County School District,2019-06-10T04:00:00.000Z,2019-06-25T04:00:00.000Z,"M,T,W,Th,F",,,,,,,,16,U,US,108294,,2019,Elko
-115.7522391,40.83024373,155728,Southside ES,Open,"501 South 9th Street Elko, NV 89801",,Elko,NV,89801,,,Laurie,Pusley,7757381456,Elko County School District,2019-06-10T04:00:00.000Z,2019-06-21T04:00:00.000Z,"M,T,W,Th,F",,,,,,,,16,U,US,108844,,2019,Elko
-114.0679685,40.73342549,155729,West Wendover ES,Open,"2332 Florence Way Wendover, NV 89883",,Wendover,NV,89883,,,Laurie,Pusley,7757381456,Elko County School District,2019-06-10T04:00:00.000Z,2019-06-28T04:00:00.000Z,"M,T,W,Th,F",,,,,,,,16,U,US,109331,,2019,Elko
-119.2087811,39.0697575,147975,Yerington Paiute Tribe Education Center,Open,"171 Campbell Lane Yerington, NV 89447",,Yerington,NV,89447,,,Mary,Williams,7757830275,Yerington Paiute Tribe,2019-06-24T04:00:00.000Z,2019-08-01T04:00:00.000Z,"M,T,W,TH,F,",,8:00AM-9:00AM,12:00PM-1:00PM,,,,,13,N,US,153018,,2019,Lyon
-115.1367161,36.180081,153209,Alternative Peer Group,Open,"801 N Veterans Memorial Dr Las Vegas, NV 89101",,Las Vegas,NV,89101,,,Rachel,Warren,,Three Square,2019-06-03T04:00:00.000Z,2019-06-21T04:00:00.000Z,"M,T,W,TH,F,",,,12:00pm-2:00pm,,,,,15,N,US,153299,,2019,Clark
-114.6253039,35.14961759,153813,Spirit Mountain Activity Center,Open,"1975 Arie Ave. Laughlin, NV 89029",,Laughlin,NV,89029,,,Renata,Faccioli,7022999223,Colorado River Food Bank,2019-05-27T04:00:00.000Z,2019-08-09T04:00:00.000Z,"M,T,W,TH,F,",,,11:30 AM-1:30 PM,,,,,15,U,US,137754,,2019,Clark
-114.6162497,35.16234492,153814,Vista Creek Apartments,Open,"2220 Cougar Dr Laughlin, NV 89029",,Laughlin,NV,89029,,,Jessica,Santillano,7022991320,Colorado River Food Bank,2019-05-27T04:00:00.000Z,2019-08-09T04:00:00.000Z,"M,T,W,TH,F,",,,11:00 AM-11:45 AM,,,,,15,U,US,138027,,2019,Clark
-119.2475475,39.5931895,153815,Fernley Pool,Open,"300 Cottonwood LN Fernley, NV 89408",,Fernley,NV,89408,,,Stacy,Karr,7757376633,"Food Bank of Northern Nevada, Inc.",2019-06-10T04:00:00.000Z,2019-08-16T04:00:00.000Z,"M,T,W,TH,F,",,,12:30 pm-1:30 pm,,,,,15,U,US,136598,,2019,Lyon
-119.2523437,39.60612836,153816,Living Faith Pantry,Open,"110 S. Center St Fernley, NV 89408",,Fernley,NV,89408,,,Regina,McCreary,7757500613,"Food Bank of Northern Nevada, Inc.",2019-06-10T04:00:00.000Z,2019-08-16T04:00:00.000Z,"M,T,W,TH,F,",,,10:45am-12:00pm,,,,,15,U,US,137064,,2019,Lyon
-119.7953262,39.54744923,153817,Pat Baker Park,Open,"1910 Bishop St Reno, NV 89512",,Reno,NV,89512,,,Jackie,Castrillo,7753000040,"Food Bank of Northern Nevada, Inc.",2019-06-10T04:00:00.000Z,2019-08-09T04:00:00.000Z,"M,T,W,TH,F,",,,11:45 am-12:15 pm,,,,,15,U,US,83162,,2019,Washoe
-115.1516937,36.2041369,153818,First AME,Open,"2446 Revere St. Las Vegas, NV 89030",,Las Vegas,NV,89030,,,Joan,Crawford,7022423955,Three Square,2019-06-03T04:00:00.000Z,2019-06-26T04:00:00.000Z,"M,T,W,",,8:00 AM-9:00 AM,11:00 AM-12:00 PM,,,,,15,U,US,136601,,2019,Clark
-115.1833676,36.23930196,153819,Rolle Project,Open,"3251 W Craig Rd (150) North Las Vegas, NV 89032",150,North Las Vegas,NV,89032,,,Tyrell,Rolle,7024440773,Three Square,2019-06-03T04:00:00.000Z,2019-06-24T04:00:00.000Z,"M,T,W,TH,F,",,8:00 AM-10:00 AM,12:00 PM-1:00 PM,,,,,15,U,US,137597,,2019,Clark
-115.1391616,36.18834347,153820,Sky View Pines Apartments,Open,"21 W Owens Las Vegas, NV 89030",,Las Vegas,NV,89030,,,Veronica,Larson,7024102763,Three Square,2019-06-03T04:00:00.000Z,2019-08-09T04:00:00.000Z,"M,W,F,",,8:30 AM-10:00 AM,12:00 PM-2:00 PM,,,,,15,U,US,137706,,2019,Clark
-115.2109817,36.09347444,153821,Vida Las Vegas,Open,"5060 Hacienda Ave. Las Vegas, NV 89118",,Las Vegas,NV,89118,,,Alisa,Fuller,7023075100,Three Square,2019-06-10T04:00:00.000Z,2019-08-09T04:00:00.000Z,"M,T,W,TH,F,",,9:00am-10:00am,1:00pm-2:00pm,,,,,15,U,US,141367,,2019,Clark
-115.0030606,36.06270296,153822,Wells Outdoor Pool,Open,"1640 Price Street Henderson, NV 89011",,Henderson,NV,89011,,,Katie,Fese,7022674108,Three Square,2019-07-09T04:00:00.000Z,2019-08-06T04:00:00.000Z,"M,T,W,TH,F,",,,12:30 PM-1:30 PM,,,,,15,U,US,151665,,2019,Clark
-115.1545815,36.19568055,153823,West Las Vegas Arts Center,Open,"947 West Lake Mead Blvd Las Vegas, NV 89106",,Las Vegas,NV,89106,,,Marcia,Robinson,7022294800,Three Square,2019-06-10T04:00:00.000Z,2019-07-30T04:00:00.000Z,"M,T,W,TH,F,",,7:15 AM-7:45 AM,12:00 PM-1:00 PM,,,,,15,U,US,138061,,2019,Clark
